num_of_agents,num_of_items,value_noise_ratio,beta,delta,use_threads,algorithm,random_seed,utilitarian_value,egalitarian_value,max_envy,mean_envy,max_deficit,mean_deficit,num_with_top_1,num_with_top_2,num_with_top_3,runtime
20,8,0.0,0.001,{0.34},False,tabu_search,0,100.0,100.0,0.0,0.0,0,0.0,20,20,20,0.1475968000013381
20,8,0.0,0.001,{0.34},False,tabu_search,1,100.0,100.0,0.0,0.0,0,0.0,20,20,20,0.1346595999930286
20,8,0.0,0.001,{0.34},False,tabu_search,2,100.0,100.0,0.0,0.0,0,0.0,20,20,20,0.140082900004927
20,8,0.0,0.001,{0.34},False,tabu_search,3,100.0,100.0,0.0,0.0,0,0.0,20,20,20,0.1387514999951236
20,8,0.0,0.001,{0.34},False,tabu_search,4,100.0,100.0,0.0,0.0,0,0.0,20,20,20,0.1412171999982092
20,8,0.0,0.001,{0.34},True,tabu_search,0,100.0,100.0,0.0,0.0,0,0.0,20,20,20,0.1358044999942649
20,8,0.0,0.001,{0.34},True,tabu_search,1,100.0,100.0,0.0,0.0,0,0.0,20,20,20,0.1857935000007273
20,8,0.0,0.001,{0.34},True,tabu_search,2,100.0,100.0,0.0,0.0,0,0.0,20,20,20,0.1579907999985152
20,8,0.0,0.001,{0.34},True,tabu_search,3,100.0,100.0,0.0,0.0,0,0.0,20,20,20,0.140741799987154
20,8,0.0,0.001,{0.34},True,tabu_search,4,100.0,100.0,0.0,0.0,0,0.0,20,20,20,0.1425040000031003
20,8,0.2,0.001,{0.34},False,tabu_search,0,100.0,100.0,0.0,0.0,0,0.0,20,20,20,0.1385116000019479
20,8,0.2,0.001,{0.34},False,tabu_search,1,100.0,100.0,0.0,0.0,0,0.0,20,20,20,0.1331722000031732
20,8,0.2,0.001,{0.34},False,tabu_search,2,100.0,100.0,0.0,0.0,0,0.0,20,20,20,0.1348369000043021
20,8,0.2,0.001,{0.34},False,tabu_search,3,100.0,100.0,0.0,0.0,0,0.0,20,20,20,0.1377996999945026
20,8,0.2,0.001,{0.34},False,tabu_search,4,100.0,100.0,0.0,0.0,0,0.0,20,20,20,0.1717388999968534
20,8,0.2,0.001,{0.34},True,tabu_search,0,100.0,100.0,0.0,0.0,0,0.0,20,20,20,0.1346487999981036
20,8,0.2,0.001,{0.34},True,tabu_search,1,100.0,100.0,0.0,0.0,0,0.0,20,20,20,0.1434983999934047
20,8,0.2,0.001,{0.34},True,tabu_search,2,100.0,100.0,0.0,0.0,0,0.0,20,20,20,0.1489656000048853
20,8,0.2,0.001,{0.34},True,tabu_search,3,100.0,100.0,0.0,0.0,0,0.0,20,20,20,0.1452254000032553
20,8,0.2,0.001,{0.34},True,tabu_search,4,100.0,100.0,0.0,0.0,0,0.0,20,20,20,0.14457720000064
20,8,0.4,0.001,{0.34},False,tabu_search,0,100.0,100.0,0.0,0.0,0,0.0,20,20,20,0.137108499999158
20,8,0.4,0.001,{0.34},False,tabu_search,1,100.0,100.0,0.0,0.0,0,0.0,20,20,20,0.1390472000057343
20,8,0.4,0.001,{0.34},False,tabu_search,2,100.0,100.0,0.0,0.0,0,0.0,20,20,20,0.1393781000078888
20,8,0.4,0.001,{0.34},False,tabu_search,3,100.0,100.0,0.0,0.0,0,0.0,20,20,20,0.1676962999918032
20,8,0.4,0.001,{0.34},False,tabu_search,4,100.0,100.0,0.0,0.0,0,0.0,20,20,20,0.1400674999895272
20,8,0.4,0.001,{0.34},True,tabu_search,0,100.0,100.0,0.0,0.0,0,0.0,20,20,20,0.1517140999931143
20,8,0.4,0.001,{0.34},True,tabu_search,1,100.0,100.0,0.0,0.0,0,0.0,20,20,20,0.1326214000000618
20,8,0.4,0.001,{0.34},True,tabu_search,2,100.0,100.0,0.0,0.0,0,0.0,20,20,20,0.1422155999898677
20,8,0.4,0.001,{0.34},True,tabu_search,3,100.0,100.0,0.0,0.0,0,0.0,20,20,20,0.1351476999989245
20,8,0.4,0.001,{0.34},True,tabu_search,4,100.0,100.0,0.0,0.0,0,0.0,20,20,20,0.1348660000076051
20,8,0.8,0.001,{0.34},False,tabu_search,0,100.0,100.0,0.0,0.0,0,0.0,20,20,20,0.135713299998315
20,8,0.8,0.001,{0.34},False,tabu_search,1,100.0,100.0,0.0,0.0,0,0.0,20,20,20,0.1372856000089086
20,8,0.8,0.001,{0.34},False,tabu_search,2,100.0,100.0,0.0,0.0,0,0.0,20,20,20,0.1774079000024357
20,8,0.8,0.001,{0.34},False,tabu_search,3,100.0,100.0,0.0,0.0,0,0.0,20,20,20,0.1354748000012477
20,8,0.8,0.001,{0.34},False,tabu_search,4,100.0,100.0,0.0,0.0,0,0.0,20,20,20,0.1385154000017792
20,8,0.8,0.001,{0.34},True,tabu_search,0,100.0,100.0,0.0,0.0,0,0.0,20,20,20,0.1487956000055419
20,8,0.8,0.001,{0.34},True,tabu_search,1,100.0,100.0,0.0,0.0,0,0.0,20,20,20,0.1452838999975938
20,8,0.8,0.001,{0.34},True,tabu_search,2,100.0,100.0,0.0,0.0,0,0.0,20,20,20,0.1412419999978738
20,8,0.8,0.001,{0.34},True,tabu_search,3,100.0,100.0,0.0,0.0,0,0.0,20,20,20,0.1377749999955995
20,8,0.8,0.001,{0.34},True,tabu_search,4,100.0,100.0,0.0,0.0,0,0.0,20,20,20,0.1378001000121003
20,8,1.0,0.001,{0.34},False,tabu_search,0,100.0,100.0,0.0,0.0,0,0.0,20,20,20,0.1373270000040065
20,8,1.0,0.001,{0.34},False,tabu_search,1,100.0,100.0,0.0,0.0,0,0.0,20,20,20,0.1736686000076588
20,8,1.0,0.001,{0.34},False,tabu_search,2,100.0,100.0,0.0,0.0,0,0.0,20,20,20,0.1344831000023987
20,8,1.0,0.001,{0.34},False,tabu_search,3,100.0,100.0,0.0,0.0,0,0.0,20,20,20,0.1375629999965895
20,8,1.0,0.001,{0.34},False,tabu_search,4,100.0,100.0,0.0,0.0,0,0.0,20,20,20,0.1380081999959657
20,8,1.0,0.001,{0.34},True,tabu_search,0,100.0,100.0,0.0,0.0,0,0.0,20,20,20,0.1523829999932786
20,8,1.0,0.001,{0.34},True,tabu_search,1,100.0,100.0,0.0,0.0,0,0.0,20,20,20,0.1359243000042624
20,8,1.0,0.001,{0.34},True,tabu_search,2,100.0,100.0,0.0,0.0,0,0.0,20,20,20,0.139315099993837
20,8,1.0,0.001,{0.34},True,tabu_search,3,100.0,100.0,0.0,0.0,0,0.0,20,20,20,0.1365513999917311
20,8,1.0,0.001,{0.34},True,tabu_search,4,100.0,100.0,0.0,0.0,0,0.0,20,20,20,0.138209700002335
20,12,0.0,0.001,{0.34},False,tabu_search,0,100.0,100.0,0.0,0.0,0,0.0,20,20,20,1.458321199999773
20,12,0.0,0.001,{0.34},True,tabu_search,0,100.0,100.0,0.0,0.0,0,0.0,20,20,20,1.3994458000088343
21,8,0.0,0.001,{0.34},False,tabu_search,0,100.0,100.0,0.0,0.0,0,0.0,21,21,21,0.1425865000055637
21,8,0.0,0.001,{0.34},False,tabu_search,1,100.0,100.0,0.0,0.0,0,0.0,21,21,21,0.1376533000002382
21,8,0.0,0.001,{0.34},False,tabu_search,2,100.0,100.0,0.0,0.0,0,0.0,21,21,21,0.1418694000021787
21,8,0.0,0.001,{0.34},False,tabu_search,3,100.0,100.0,0.0,0.0,0,0.0,21,21,21,0.1405630999943241
21,8,0.0,0.001,{0.34},False,tabu_search,4,100.0,100.0,0.0,0.0,0,0.0,21,21,21,0.1426907999994
21,8,0.0,0.001,{0.34},True,tabu_search,0,100.0,100.0,0.0,0.0,0,0.0,21,21,21,0.1391353999933926
21,8,0.0,0.001,{0.34},True,tabu_search,1,100.0,100.0,0.0,0.0,0,0.0,21,21,21,0.1997985000052722
21,8,0.0,0.001,{0.34},True,tabu_search,2,100.0,100.0,0.0,0.0,0,0.0,21,21,21,0.1423333999991882
21,8,0.0,0.001,{0.34},True,tabu_search,3,100.0,100.0,0.0,0.0,0,0.0,21,21,21,0.1483090999972773
21,8,0.0,0.001,{0.34},True,tabu_search,4,100.0,100.0,0.0,0.0,0,0.0,21,21,21,0.1449824000010267
21,8,0.2,0.001,{0.34},False,tabu_search,0,100.0,100.0,0.0,0.0,0,0.0,21,21,21,0.1447990000015124
21,8,0.2,0.001,{0.34},False,tabu_search,1,100.0,100.0,0.0,0.0,0,0.0,21,21,21,0.1427890999912051
21,8,0.2,0.001,{0.34},False,tabu_search,2,100.0,100.0,0.0,0.0,0,0.0,21,21,21,0.142231299993
21,8,0.2,0.001,{0.34},False,tabu_search,3,100.0,100.0,0.0,0.0,0,0.0,21,21,21,0.1440224999969359
21,8,0.2,0.001,{0.34},False,tabu_search,4,100.0,100.0,0.0,0.0,0,0.0,21,21,21,0.1773190999956568
21,8,0.2,0.001,{0.34},True,tabu_search,0,100.0,100.0,0.0,0.0,0,0.0,21,21,21,0.1409192999999504
21,8,0.2,0.001,{0.34},True,tabu_search,1,100.0,100.0,0.0,0.0,0,0.0,21,21,21,0.1578538000030676
21,8,0.2,0.001,{0.34},True,tabu_search,2,100.0,100.0,0.0,0.0,0,0.0,21,21,21,0.1417017999920062
21,8,0.2,0.001,{0.34},True,tabu_search,3,100.0,100.0,0.0,0.0,0,0.0,21,21,21,0.1421101999876555
21,8,0.2,0.001,{0.34},True,tabu_search,4,100.0,100.0,0.0,0.0,0,0.0,21,21,21,0.1469265000050654
21,8,0.4,0.001,{0.34},False,tabu_search,0,100.0,100.0,0.0,0.0,0,0.0,21,21,21,0.1468706000014208
21,8,0.4,0.001,{0.34},False,tabu_search,1,100.0,100.0,0.0,0.0,0,0.0,21,21,21,0.1546259000024292
21,8,0.4,0.001,{0.34},False,tabu_search,2,100.0,100.0,0.0,0.0,0,0.0,21,21,21,0.146861599991098
21,8,0.4,0.001,{0.34},False,tabu_search,3,100.0,100.0,0.0,0.0,0,0.0,21,21,21,0.1788020999956643
21,8,0.4,0.001,{0.34},False,tabu_search,4,100.0,100.0,0.0,0.0,0,0.0,21,21,21,0.1460362000070745
21,8,0.4,0.001,{0.34},True,tabu_search,0,100.0,100.0,0.0,0.0,0,0.0,21,21,21,0.1474053999991156
21,8,0.4,0.001,{0.34},True,tabu_search,1,100.0,100.0,0.0,0.0,0,0.0,21,21,21,0.1580475000082515
21,8,0.4,0.001,{0.34},True,tabu_search,2,100.0,100.0,0.0,0.0,0,0.0,21,21,21,0.1426670999935595
21,8,0.4,0.001,{0.34},True,tabu_search,3,100.0,100.0,0.0,0.0,0,0.0,21,21,21,0.1460324000072432
21,8,0.4,0.001,{0.34},True,tabu_search,4,100.0,100.0,0.0,0.0,0,0.0,21,21,21,0.142494199986686
21,8,0.8,0.001,{0.34},False,tabu_search,0,100.0,100.0,0.0,0.0,0,0.0,21,21,21,0.1532336999953258
21,8,0.8,0.001,{0.34},False,tabu_search,1,100.0,100.0,0.0,0.0,0,0.0,21,21,21,0.1781268999911844
21,8,0.8,0.001,{0.34},False,tabu_search,2,100.0,100.0,0.0,0.0,0,0.0,21,21,21,0.1452244000101927
21,8,0.8,0.001,{0.34},False,tabu_search,3,100.0,100.0,0.0,0.0,0,0.0,21,21,21,0.1478274000110104
21,8,0.8,0.001,{0.34},False,tabu_search,4,100.0,100.0,0.0,0.0,0,0.0,21,21,21,0.1449382999999215
21,8,0.8,0.001,{0.34},True,tabu_search,0,100.0,100.0,0.0,0.0,0,0.0,21,21,21,0.1482975999970222
21,8,0.8,0.001,{0.34},True,tabu_search,1,100.0,100.0,0.0,0.0,0,0.0,21,21,21,0.1615625999984331
21,8,0.8,0.001,{0.34},True,tabu_search,2,100.0,100.0,0.0,0.0,0,0.0,21,21,21,0.1442214999988209
21,8,0.8,0.001,{0.34},True,tabu_search,3,100.0,100.0,0.0,0.0,0,0.0,21,21,21,0.1536763000040082
21,8,0.8,0.001,{0.34},True,tabu_search,4,100.0,100.0,0.0,0.0,0,0.0,21,21,21,0.1792462000012165
21,8,1.0,0.001,{0.34},False,tabu_search,0,100.0,100.0,0.0,0.0,0,0.0,21,21,21,0.1430185999925015
21,8,1.0,0.001,{0.34},False,tabu_search,1,100.0,100.0,0.0,0.0,0,0.0,21,21,21,0.1463901999959489
21,8,1.0,0.001,{0.34},False,tabu_search,2,100.0,100.0,0.0,0.0,0,0.0,21,21,21,0.1477139000053284
21,8,1.0,0.001,{0.34},False,tabu_search,3,100.0,100.0,0.0,0.0,0,0.0,21,21,21,0.1497889000020222
21,8,1.0,0.001,{0.34},False,tabu_search,4,100.0,100.0,0.0,0.0,0,0.0,21,21,21,0.1402461999969091
21,8,1.0,0.001,{0.34},True,tabu_search,0,100.0,100.0,0.0,0.0,0,0.0,21,21,21,0.1636436999979196
21,8,1.0,0.001,{0.34},True,tabu_search,1,100.0,100.0,0.0,0.0,0,0.0,21,21,21,0.1462668000021949
21,8,1.0,0.001,{0.34},True,tabu_search,2,100.0,100.0,0.0,0.0,0,0.0,21,21,21,0.1445356000040192
21,8,1.0,0.001,{0.34},True,tabu_search,3,100.0,100.0,0.0,0.0,0,0.0,21,21,21,0.1770096999971429
21,8,1.0,0.001,{0.34},True,tabu_search,4,100.0,100.0,0.0,0.0,0,0.0,21,21,21,0.1512243000033777
22,8,0.0,0.001,{0.34},False,tabu_search,0,100.0,100.0,0.0,0.0,0,0.0,22,22,22,0.1491692000126931
22,8,0.0,0.001,{0.34},False,tabu_search,1,100.0,100.0,0.0,0.0,0,0.0,22,22,22,0.1541151999990688
22,8,0.0,0.001,{0.34},False,tabu_search,2,100.0,100.0,0.0,0.0,0,0.0,22,22,22,0.15250979999837
22,8,0.0,0.001,{0.34},False,tabu_search,3,100.0,100.0,0.0,0.0,0,0.0,22,22,22,0.1510964000044623
22,8,0.0,0.001,{0.34},False,tabu_search,4,100.0,100.0,0.0,0.0,0,0.0,22,22,22,0.1654948999930638
22,8,0.0,0.001,{0.34},True,tabu_search,0,100.0,100.0,0.0,0.0,0,0.0,22,22,22,0.1525621000037063
22,8,0.0,0.001,{0.34},True,tabu_search,1,100.0,100.0,0.0,0.0,0,0.0,22,22,22,0.1836455000011483
22,8,0.0,0.001,{0.34},True,tabu_search,2,100.0,100.0,0.0,0.0,0,0.0,22,22,22,0.1465625000128056
22,8,0.0,0.001,{0.34},True,tabu_search,3,100.0,100.0,0.0,0.0,0,0.0,22,22,22,0.149768999996013
22,8,0.0,0.001,{0.34},True,tabu_search,4,100.0,100.0,0.0,0.0,0,0.0,22,22,22,0.1530177000095136
22,8,0.2,0.001,{0.34},False,tabu_search,0,100.0,100.0,0.0,0.0,0,0.0,22,22,22,0.1538106000080006
22,8,0.2,0.001,{0.34},False,tabu_search,1,100.0,100.0,0.0,0.0,0,0.0,22,22,22,0.1485199000017019
22,8,0.2,0.001,{0.34},False,tabu_search,2,100.0,100.0,0.0,0.0,0,0.0,22,22,22,0.151936399997794
22,8,0.2,0.001,{0.34},False,tabu_search,3,100.0,100.0,0.0,0.0,0,0.0,22,22,22,0.1801457999972626
22,8,0.2,0.001,{0.34},False,tabu_search,4,100.0,100.0,0.0,0.0,0,0.0,22,22,22,0.1689203000132693
22,8,0.2,0.001,{0.34},True,tabu_search,0,100.0,100.0,0.0,0.0,0,0.0,22,22,22,0.1530912000016542
22,8,0.2,0.001,{0.34},True,tabu_search,1,100.0,100.0,0.0,0.0,0,0.0,22,22,22,0.1476538999995682
22,8,0.2,0.001,{0.34},True,tabu_search,2,100.0,100.0,0.0,0.0,0,0.0,22,22,22,0.1481577000085963
22,8,0.2,0.001,{0.34},True,tabu_search,3,100.0,100.0,0.0,0.0,0,0.0,22,22,22,0.1507619000039994
22,8,0.2,0.001,{0.34},True,tabu_search,4,100.0,100.0,0.0,0.0,0,0.0,22,22,22,0.1505477000027895
22,8,0.4,0.001,{0.34},False,tabu_search,0,100.0,100.0,0.0,0.0,0,0.0,22,22,22,0.1516130000090925
22,8,0.4,0.001,{0.34},False,tabu_search,1,100.0,100.0,0.0,0.0,0,0.0,22,22,22,0.1829784000001382
22,8,0.4,0.001,{0.34},False,tabu_search,2,100.0,100.0,0.0,0.0,0,0.0,22,22,22,0.1531951000069966
22,8,0.4,0.001,{0.34},False,tabu_search,3,100.0,100.0,0.0,0.0,0,0.0,22,22,22,0.1634999999951105
22,8,0.4,0.001,{0.34},False,tabu_search,4,100.0,100.0,0.0,0.0,0,0.0,22,22,22,0.148409499990521
22,8,0.4,0.001,{0.34},True,tabu_search,0,100.0,100.0,0.0,0.0,0,0.0,22,22,22,0.1512816000031307
22,8,0.4,0.001,{0.34},True,tabu_search,1,100.0,100.0,0.0,0.0,0,0.0,22,22,22,0.1497609000070952
22,8,0.4,0.001,{0.34},True,tabu_search,2,100.0,100.0,0.0,0.0,0,0.0,22,22,22,0.1480079999892041
22,8,0.4,0.001,{0.34},True,tabu_search,3,100.0,100.0,0.0,0.0,0,0.0,22,22,22,0.1506500999967102
22,8,0.4,0.001,{0.34},True,tabu_search,4,100.0,100.0,0.0,0.0,0,0.0,22,22,22,0.1890431000065291
22,8,0.8,0.001,{0.34},False,tabu_search,0,100.0,100.0,0.0,0.0,0,0.0,22,22,22,0.1494556000106968
22,8,0.8,0.001,{0.34},False,tabu_search,1,100.0,100.0,0.0,0.0,0,0.0,22,22,22,0.1474690000031842
22,8,0.8,0.001,{0.34},False,tabu_search,2,100.0,100.0,0.0,0.0,0,0.0,22,22,22,0.1474226999998791
22,8,0.8,0.001,{0.34},False,tabu_search,3,100.0,100.0,0.0,0.0,0,0.0,22,22,22,0.1686423000064678
22,8,0.8,0.001,{0.34},False,tabu_search,4,100.0,100.0,0.0,0.0,0,0.0,22,22,22,0.1460719000024255
22,8,0.8,0.001,{0.34},True,tabu_search,0,100.0,100.0,0.0,0.0,0,0.0,22,22,22,0.1563595000043278
22,8,0.8,0.001,{0.34},True,tabu_search,1,100.0,100.0,0.0,0.0,0,0.0,22,22,22,0.1453359000006457
22,8,0.8,0.001,{0.34},True,tabu_search,2,100.0,100.0,0.0,0.0,0,0.0,22,22,22,0.1898817000037524
22,8,0.8,0.001,{0.34},True,tabu_search,3,100.0,100.0,0.0,0.0,0,0.0,22,22,22,0.1501640999922529
22,8,0.8,0.001,{0.34},True,tabu_search,4,100.0,100.0,0.0,0.0,0,0.0,22,22,22,0.150198300005286
22,8,1.0,0.001,{0.34},False,tabu_search,0,100.0,100.0,0.0,0.0,0,0.0,22,22,22,0.1500080999976489
22,8,1.0,0.001,{0.34},False,tabu_search,1,100.0,100.0,0.0,0.0,0,0.0,22,22,22,0.1543416000058641
22,8,1.0,0.001,{0.34},False,tabu_search,2,100.0,100.0,0.0,0.0,0,0.0,22,22,22,0.1597013999999035
22,8,1.0,0.001,{0.34},False,tabu_search,3,100.0,100.0,0.0,0.0,0,0.0,22,22,22,0.1540775000030407
22,8,1.0,0.001,{0.34},False,tabu_search,4,100.0,100.0,0.0,0.0,0,0.0,22,22,22,0.1518494999909307
22,8,1.0,0.001,{0.34},True,tabu_search,0,100.0,100.0,0.0,0.0,0,0.0,22,22,22,0.1862078999984078
22,8,1.0,0.001,{0.34},True,tabu_search,1,100.0,100.0,0.0,0.0,0,0.0,22,22,22,0.1513311000016983
22,8,1.0,0.001,{0.34},True,tabu_search,2,100.0,100.0,0.0,0.0,0,0.0,22,22,22,0.1503488999878754
22,8,1.0,0.001,{0.34},True,tabu_search,3,100.0,100.0,0.0,0.0,0,0.0,22,22,22,0.1467946000047959
22,8,1.0,0.001,{0.34},True,tabu_search,4,100.0,100.0,0.0,0.0,0,0.0,22,22,22,0.1560796000121627
23,8,0.0,0.001,{0.34},False,tabu_search,0,100.0,100.0,0.0,0.0,0,0.0,23,23,23,0.1498451999941608
23,8,0.0,0.001,{0.34},False,tabu_search,1,100.0,100.0,0.0,0.0,0,0.0,23,23,23,0.1735625000001164
23,8,0.0,0.001,{0.34},False,tabu_search,2,100.0,100.0,0.0,0.0,0,0.0,23,23,23,0.1646524999960092
23,8,0.0,0.001,{0.34},False,tabu_search,3,100.0,100.0,0.0,0.0,0,0.0,23,23,23,0.1943079000047873
23,8,0.0,0.001,{0.34},False,tabu_search,4,100.0,100.0,0.0,0.0,0,0.0,23,23,23,0.1590788999892538
23,8,0.0,0.001,{0.34},True,tabu_search,0,100.0,100.0,0.0,0.0,0,0.0,23,23,23,0.160052799998084
23,8,0.0,0.001,{0.34},True,tabu_search,1,100.0,100.0,0.0,0.0,0,0.0,23,23,23,0.1619838000042364
23,8,0.0,0.001,{0.34},True,tabu_search,2,100.0,100.0,0.0,0.0,0,0.0,23,23,23,0.1605416999955196
23,8,0.0,0.001,{0.34},True,tabu_search,3,100.0,100.0,0.0,0.0,0,0.0,23,23,23,0.1585708999919006
23,8,0.0,0.001,{0.34},True,tabu_search,4,100.0,100.0,0.0,0.0,0,0.0,23,23,23,0.1698935000022174
23,8,0.2,0.001,{0.34},False,tabu_search,0,100.0,100.0,0.0,0.0,0,0.0,23,23,23,0.2175933999969856
23,8,0.2,0.001,{0.34},False,tabu_search,1,100.0,100.0,0.0,0.0,0,0.0,23,23,23,0.1581340999982785
23,8,0.2,0.001,{0.34},False,tabu_search,2,100.0,100.0,0.0,0.0,0,0.0,23,23,23,0.1593066000059479
23,8,0.2,0.001,{0.34},False,tabu_search,3,100.0,100.0,0.0,0.0,0,0.0,23,23,23,0.1630628999992041
23,8,0.2,0.001,{0.34},False,tabu_search,4,100.0,100.0,0.0,0.0,0,0.0,23,23,23,0.1543164999893633
23,8,0.2,0.001,{0.34},True,tabu_search,0,100.0,100.0,0.0,0.0,0,0.0,23,23,23,0.1575646999990567
23,8,0.2,0.001,{0.34},True,tabu_search,1,100.0,100.0,0.0,0.0,0,0.0,23,23,23,0.1577405999996699
23,8,0.2,0.001,{0.34},True,tabu_search,2,100.0,100.0,0.0,0.0,0,0.0,23,23,23,0.1850580999889644
23,8,0.2,0.001,{0.34},True,tabu_search,3,100.0,100.0,0.0,0.0,0,0.0,23,23,23,0.1522225999942748
23,8,0.2,0.001,{0.34},True,tabu_search,4,100.0,100.0,0.0,0.0,0,0.0,23,23,23,0.1579800000035902
23,8,0.4,0.001,{0.34},False,tabu_search,0,100.0,100.0,0.0,0.0,0,0.0,23,23,23,0.1574690999987069
23,8,0.4,0.001,{0.34},False,tabu_search,1,100.0,100.0,0.0,0.0,0,0.0,23,23,23,0.1585342999896966
23,8,0.4,0.001,{0.34},False,tabu_search,2,100.0,100.0,0.0,0.0,0,0.0,23,23,23,0.1599908000061987
23,8,0.4,0.001,{0.34},False,tabu_search,3,100.0,100.0,0.0,0.0,0,0.0,23,23,23,0.1622376999875996
23,8,0.4,0.001,{0.34},False,tabu_search,4,100.0,100.0,0.0,0.0,0,0.0,23,23,23,0.221019000004162
23,8,0.4,0.001,{0.34},True,tabu_search,0,100.0,100.0,0.0,0.0,0,0.0,23,23,23,0.1658767999906558
23,8,0.4,0.001,{0.34},True,tabu_search,1,100.0,100.0,0.0,0.0,0,0.0,23,23,23,0.1629437999945366
23,8,0.4,0.001,{0.34},True,tabu_search,2,100.0,100.0,0.0,0.0,0,0.0,23,23,23,0.1576518999936524
23,8,0.4,0.001,{0.34},True,tabu_search,3,100.0,100.0,0.0,0.0,0,0.0,23,23,23,0.1591215999942505
23,8,0.4,0.001,{0.34},True,tabu_search,4,100.0,100.0,0.0,0.0,0,0.0,23,23,23,0.1714943999977549
23,8,0.8,0.001,{0.34},False,tabu_search,0,100.0,100.0,0.0,0.0,0,0.0,23,23,23,0.2476563999953214
23,8,0.8,0.001,{0.34},False,tabu_search,1,100.0,100.0,0.0,0.0,0,0.0,23,23,23,0.2388516000064555
23,8,0.8,0.001,{0.34},False,tabu_search,2,100.0,100.0,0.0,0.0,0,0.0,23,23,23,0.2238073000044096
23,8,0.8,0.001,{0.34},False,tabu_search,3,100.0,100.0,0.0,0.0,0,0.0,23,23,23,0.1619757000007666
23,8,0.8,0.001,{0.34},False,tabu_search,4,100.0,100.0,0.0,0.0,0,0.0,23,23,23,0.1529509000101825
23,8,0.8,0.001,{0.34},True,tabu_search,0,100.0,100.0,0.0,0.0,0,0.0,23,23,23,0.1937835999997332
23,8,0.8,0.001,{0.34},True,tabu_search,1,100.0,100.0,0.0,0.0,0,0.0,23,23,23,0.1602890999929513
23,8,0.8,0.001,{0.34},True,tabu_search,2,100.0,100.0,0.0,0.0,0,0.0,23,23,23,0.1609817999997176
23,8,0.8,0.001,{0.34},True,tabu_search,3,100.0,100.0,0.0,0.0,0,0.0,23,23,23,0.1588459000049624
23,8,0.8,0.001,{0.34},True,tabu_search,4,100.0,100.0,0.0,0.0,0,0.0,23,23,23,0.192216900002677
23,8,1.0,0.001,{0.34},False,tabu_search,0,100.0,100.0,0.0,0.0,0,0.0,23,23,23,0.1624461000028532
23,8,1.0,0.001,{0.34},False,tabu_search,1,100.0,100.0,0.0,0.0,0,0.0,23,23,23,0.1509591000067303
23,8,1.0,0.001,{0.34},False,tabu_search,2,100.0,100.0,0.0,0.0,0,0.0,23,23,23,0.1514287000027252
23,8,1.0,0.001,{0.34},False,tabu_search,3,100.0,100.0,0.0,0.0,0,0.0,23,23,23,0.1544031000084942
23,8,1.0,0.001,{0.34},False,tabu_search,4,100.0,100.0,0.0,0.0,0,0.0,23,23,23,0.1520765000022947
23,8,1.0,0.001,{0.34},True,tabu_search,0,100.0,100.0,0.0,0.0,0,0.0,23,23,23,0.1599488000065321
23,8,1.0,0.001,{0.34},True,tabu_search,1,100.0,100.0,0.0,0.0,0,0.0,23,23,23,0.1523170000000391
23,8,1.0,0.001,{0.34},True,tabu_search,2,100.0,100.0,0.0,0.0,0,0.0,23,23,23,0.2062169999990146
23,8,1.0,0.001,{0.34},True,tabu_search,3,100.0,100.0,0.0,0.0,0,0.0,23,23,23,0.1820871999952942
23,8,1.0,0.001,{0.34},True,tabu_search,4,100.0,100.0,0.0,0.0,0,0.0,23,23,23,0.1486593000008724
24,8,0.0,0.001,{0.34},False,tabu_search,0,100.0,100.0,0.0,0.0,0,0.0,24,24,24,0.1585720000002766
24,8,0.0,0.001,{0.34},False,tabu_search,1,100.0,100.0,0.0,0.0,0,0.0,24,24,24,0.1646977000054903
24,8,0.0,0.001,{0.34},False,tabu_search,2,100.0,100.0,0.0,0.0,0,0.0,24,24,24,0.1600707999896258
24,8,0.0,0.001,{0.34},False,tabu_search,3,100.0,100.0,0.0,0.0,0,0.0,24,24,24,0.1685697000066284
24,8,0.0,0.001,{0.34},False,tabu_search,4,100.0,100.0,0.0,0.0,0,0.0,24,24,24,0.196893899992574
24,8,0.0,0.001,{0.34},True,tabu_search,0,100.0,100.0,0.0,0.0,0,0.0,24,24,24,0.1579036000039195
24,8,0.0,0.001,{0.34},True,tabu_search,1,100.0,100.0,0.0,0.0,0,0.0,24,24,24,0.1626064000010956
24,8,0.0,0.001,{0.34},True,tabu_search,2,100.0,100.0,0.0,0.0,0,0.0,24,24,24,0.1862162000034004
24,8,0.0,0.001,{0.34},True,tabu_search,3,100.0,100.0,0.0,0.0,0,0.0,24,24,24,0.1881638000049861
24,8,0.0,0.001,{0.34},True,tabu_search,4,100.0,100.0,0.0,0.0,0,0.0,24,24,24,0.1892710999964038
24,8,0.2,0.001,{0.34},False,tabu_search,0,100.0,100.0,0.0,0.0,0,0.0,24,24,24,0.1888156000059098
24,8,0.2,0.001,{0.34},False,tabu_search,1,100.0,100.0,0.0,0.0,0,0.0,24,24,24,0.2238715999992564
24,8,0.2,0.001,{0.34},False,tabu_search,2,100.0,100.0,0.0,0.0,0,0.0,24,24,24,0.2080666999972891
24,8,0.2,0.001,{0.34},False,tabu_search,3,100.0,100.0,0.0,0.0,0,0.0,24,24,24,0.185808399997768
24,8,0.2,0.001,{0.34},False,tabu_search,4,100.0,100.0,0.0,0.0,0,0.0,24,24,24,0.1671780000033322
24,8,0.2,0.001,{0.34},True,tabu_search,0,100.0,100.0,0.0,0.0,0,0.0,24,24,24,0.1671230999927502
24,8,0.2,0.001,{0.34},True,tabu_search,1,100.0,100.0,0.0,0.0,0,0.0,24,24,24,0.1606781000009505
24,8,0.2,0.001,{0.34},True,tabu_search,2,100.0,100.0,0.0,0.0,0,0.0,24,24,24,0.2016032999963499
24,8,0.2,0.001,{0.34},True,tabu_search,3,100.0,100.0,0.0,0.0,0,0.0,24,24,24,0.1798509000072954
24,8,0.2,0.001,{0.34},True,tabu_search,4,100.0,100.0,0.0,0.0,0,0.0,24,24,24,0.1688288000004831
24,8,0.4,0.001,{0.34},False,tabu_search,0,100.0,100.0,0.0,0.0,0,0.0,24,24,24,0.1974609000026248
24,8,0.4,0.001,{0.34},False,tabu_search,1,100.0,100.0,0.0,0.0,0,0.0,24,24,24,0.1996904000116046
24,8,0.4,0.001,{0.34},False,tabu_search,2,100.0,100.0,0.0,0.0,0,0.0,24,24,24,0.1749562000040896
24,8,0.4,0.001,{0.34},False,tabu_search,3,100.0,100.0,0.0,0.0,0,0.0,24,24,24,0.1729877000034321
24,8,0.4,0.001,{0.34},False,tabu_search,4,100.0,100.0,0.0,0.0,0,0.0,24,24,24,0.2118830000108573
24,8,0.4,0.001,{0.34},True,tabu_search,0,100.0,100.0,0.0,0.0,0,0.0,24,24,24,0.162170600000536
24,8,0.4,0.001,{0.34},True,tabu_search,1,100.0,100.0,0.0,0.0,0,0.0,24,24,24,0.159798699998646
24,8,0.4,0.001,{0.34},True,tabu_search,2,100.0,100.0,0.0,0.0,0,0.0,24,24,24,0.1644965999876149
24,8,0.4,0.001,{0.34},True,tabu_search,3,100.0,100.0,0.0,0.0,0,0.0,24,24,24,0.1845346000045538
24,8,0.4,0.001,{0.34},True,tabu_search,4,100.0,100.0,0.0,0.0,0,0.0,24,24,24,0.1636846000037621
24,8,0.8,0.001,{0.34},False,tabu_search,0,100.0,100.0,0.0,0.0,0,0.0,24,24,24,0.1986028999963309
24,8,0.8,0.001,{0.34},False,tabu_search,1,100.0,100.0,0.0,0.0,0,0.0,24,24,24,0.2171890000026906
24,8,0.8,0.001,{0.34},False,tabu_search,2,100.0,100.0,0.0,0.0,0,0.0,24,24,24,0.1572467000078177
24,8,0.8,0.001,{0.34},False,tabu_search,3,100.0,100.0,0.0,0.0,0,0.0,24,24,24,0.1817772000067634
24,8,0.8,0.001,{0.34},False,tabu_search,4,100.0,100.0,0.0,0.0,0,0.0,24,24,24,0.1685514999990118
24,8,0.8,0.001,{0.34},True,tabu_search,0,100.0,100.0,0.0,0.0,0,0.0,24,24,24,0.1702182000008179
24,8,0.8,0.001,{0.34},True,tabu_search,1,100.0,100.0,0.0,0.0,0,0.0,24,24,24,0.1824730999942403
24,8,0.8,0.001,{0.34},True,tabu_search,2,100.0,100.0,0.0,0.0,0,0.0,24,24,24,0.1721706999960588
24,8,0.8,0.001,{0.34},True,tabu_search,3,100.0,100.0,0.0,0.0,0,0.0,24,24,24,0.2271635000070091
24,8,0.8,0.001,{0.34},True,tabu_search,4,100.0,100.0,0.0,0.0,0,0.0,24,24,24,0.2143670999939786
24,8,1.0,0.001,{0.34},False,tabu_search,0,100.0,100.0,0.0,0.0,0,0.0,24,24,24,0.1882877000025473
24,8,1.0,0.001,{0.34},False,tabu_search,1,100.0,100.0,0.0,0.0,0,0.0,24,24,24,0.1996054000046569
24,8,1.0,0.001,{0.34},False,tabu_search,2,100.0,100.0,0.0,0.0,0,0.0,24,24,24,0.1799667000013869
24,8,1.0,0.001,{0.34},False,tabu_search,3,100.0,100.0,0.0,0.0,0,0.0,24,24,24,0.1771388999914052
24,8,1.0,0.001,{0.34},False,tabu_search,4,100.0,100.0,0.0,0.0,0,0.0,24,24,24,0.1774982000060845
24,8,1.0,0.001,{0.34},True,tabu_search,0,100.0,100.0,0.0,0.0,0,0.0,24,24,24,0.1781119999941438
24,8,1.0,0.001,{0.34},True,tabu_search,1,100.0,100.0,0.0,0.0,0,0.0,24,24,24,0.2051414000015938
24,8,1.0,0.001,{0.34},True,tabu_search,2,100.0,100.0,0.0,0.0,0,0.0,24,24,24,0.1892071000038413
24,8,1.0,0.001,{0.34},True,tabu_search,3,100.0,100.0,0.0,0.0,0,0.0,24,24,24,0.1767132999957539
24,8,1.0,0.001,{0.34},True,tabu_search,4,100.0,100.0,0.0,0.0,0,0.0,24,24,24,0.1680041999934474
25,8,0.0,0.001,{0.34},False,tabu_search,0,100.0,100.0,0.0,0.0,0,0.0,25,25,25,0.1782632000104058
25,8,0.0,0.001,{0.34},False,tabu_search,1,100.0,100.0,0.0,0.0,0,0.0,25,25,25,0.1744928999978583
25,8,0.0,0.001,{0.34},False,tabu_search,2,100.0,100.0,0.0,0.0,0,0.0,25,25,25,0.1819002999982331
25,8,0.0,0.001,{0.34},False,tabu_search,3,100.0,100.0,0.0,0.0,0,0.0,25,25,25,0.2334240000054706
25,8,0.0,0.001,{0.34},False,tabu_search,4,100.0,100.0,0.0,0.0,0,0.0,25,25,25,0.2131331999989925
25,8,0.0,0.001,{0.34},True,tabu_search,0,100.0,100.0,0.0,0.0,0,0.0,25,25,25,0.1671656999969855
25,8,0.0,0.001,{0.34},True,tabu_search,1,100.0,100.0,0.0,0.0,0,0.0,25,25,25,0.1651185000082478
25,8,0.0,0.001,{0.34},True,tabu_search,2,100.0,100.0,0.0,0.0,0,0.0,25,25,25,0.1694271000014851
25,8,0.0,0.001,{0.34},True,tabu_search,3,100.0,100.0,0.0,0.0,0,0.0,25,25,25,0.17789520000224
25,8,0.0,0.001,{0.34},True,tabu_search,4,100.0,100.0,0.0,0.0,0,0.0,25,25,25,0.24616349999269
25,8,0.2,0.001,{0.34},False,tabu_search,0,100.0,100.0,0.0,0.0,0,0.0,25,25,25,0.1717453999881399
25,8,0.2,0.001,{0.34},False,tabu_search,1,100.0,100.0,0.0,0.0,0,0.0,25,25,25,0.1848664999997709
25,8,0.2,0.001,{0.34},False,tabu_search,2,100.0,100.0,0.0,0.0,0,0.0,25,25,25,0.1711211999936495
25,8,0.2,0.001,{0.34},False,tabu_search,3,100.0,100.0,0.0,0.0,0,0.0,25,25,25,0.1646448000101372
25,8,0.2,0.001,{0.34},False,tabu_search,4,100.0,100.0,0.0,0.0,0,0.0,25,25,25,0.1854185999982291
25,8,0.2,0.001,{0.34},True,tabu_search,0,100.0,100.0,0.0,0.0,0,0.0,25,25,25,0.1668290999950841
25,8,0.2,0.001,{0.34},True,tabu_search,1,100.0,100.0,0.0,0.0,0,0.0,25,25,25,0.220878599997377
25,8,0.2,0.001,{0.34},True,tabu_search,2,100.0,100.0,0.0,0.0,0,0.0,25,25,25,0.1678307999973185
25,8,0.2,0.001,{0.34},True,tabu_search,3,100.0,100.0,0.0,0.0,0,0.0,25,25,25,0.1784634000068763
25,8,0.2,0.001,{0.34},True,tabu_search,4,100.0,100.0,0.0,0.0,0,0.0,25,25,25,0.1757770999975036
25,8,0.4,0.001,{0.34},False,tabu_search,0,100.0,100.0,0.0,0.0,0,0.0,25,25,25,0.1664246000000275
25,8,0.4,0.001,{0.34},False,tabu_search,1,100.0,100.0,0.0,0.0,0,0.0,25,25,25,0.1642703000106848
25,8,0.4,0.001,{0.34},False,tabu_search,2,100.0,100.0,0.0,0.0,0,0.0,25,25,25,0.2037701999943237
25,8,0.4,0.001,{0.34},False,tabu_search,3,100.0,100.0,0.0,0.0,0,0.0,25,25,25,0.1674513000034494
25,8,0.4,0.001,{0.34},False,tabu_search,4,100.0,100.0,0.0,0.0,0,0.0,25,25,25,0.1681111999932909
25,8,0.4,0.001,{0.34},True,tabu_search,0,100.0,100.0,0.0,0.0,0,0.0,25,25,25,0.1822629999951459
25,8,0.4,0.001,{0.34},True,tabu_search,1,100.0,100.0,0.0,0.0,0,0.0,25,25,25,0.166079799993895
25,8,0.4,0.001,{0.34},True,tabu_search,2,100.0,100.0,0.0,0.0,0,0.0,25,25,25,0.1918479000014485
25,8,0.4,0.001,{0.34},True,tabu_search,3,100.0,100.0,0.0,0.0,0,0.0,25,25,25,0.1653922000114107
25,8,0.4,0.001,{0.34},True,tabu_search,4,100.0,100.0,0.0,0.0,0,0.0,25,25,25,0.2135487999912584
25,8,0.8,0.001,{0.34},False,tabu_search,0,100.0,100.0,0.0,0.0,0,0.0,25,25,25,0.2002086000138661
25,8,0.8,0.001,{0.34},False,tabu_search,1,100.0,100.0,0.0,0.0,0,0.0,25,25,25,0.1691487000061897
25,8,0.8,0.001,{0.34},False,tabu_search,2,100.0,100.0,0.0,0.0,0,0.0,25,25,25,0.1918543000065256
25,8,0.8,0.001,{0.34},False,tabu_search,3,100.0,100.0,0.0,0.0,0,0.0,25,25,25,0.1881916999991517
25,8,0.8,0.001,{0.34},False,tabu_search,4,100.0,100.0,0.0,0.0,0,0.0,25,25,25,0.1992910000117262
25,8,0.8,0.001,{0.34},True,tabu_search,0,100.0,100.0,0.0,0.0,0,0.0,25,25,25,0.1891329000063706
25,8,0.8,0.001,{0.34},True,tabu_search,1,100.0,100.0,0.0,0.0,0,0.0,25,25,25,0.2044724000006681
25,8,0.8,0.001,{0.34},True,tabu_search,2,100.0,100.0,0.0,0.0,0,0.0,25,25,25,0.1876717999984976
25,8,0.8,0.001,{0.34},True,tabu_search,3,100.0,100.0,0.0,0.0,0,0.0,25,25,25,0.1933116000000154
25,8,0.8,0.001,{0.34},True,tabu_search,4,100.0,100.0,0.0,0.0,0,0.0,25,25,25,0.1637969000003067
25,8,1.0,0.001,{0.34},False,tabu_search,0,100.0,100.0,0.0,0.0,0,0.0,25,25,25,0.1832926999923074
25,8,1.0,0.001,{0.34},False,tabu_search,1,100.0,100.0,0.0,0.0,0,0.0,25,25,25,0.169698600002448
25,8,1.0,0.001,{0.34},False,tabu_search,2,100.0,100.0,0.0,0.0,0,0.0,25,25,25,0.1985416999959852
25,8,1.0,0.001,{0.34},False,tabu_search,3,100.0,100.0,0.0,0.0,0,0.0,25,25,25,0.1987371999857714
25,8,1.0,0.001,{0.34},False,tabu_search,4,100.0,100.0,0.0,0.0,0,0.0,25,25,25,0.1865849000023445
25,8,1.0,0.001,{0.34},True,tabu_search,0,100.0,100.0,0.0,0.0,0,0.0,25,25,25,0.1866755999944871
25,8,1.0,0.001,{0.34},True,tabu_search,1,100.0,100.0,0.0,0.0,0,0.0,25,25,25,0.1662142999994103
25,8,1.0,0.001,{0.34},True,tabu_search,2,100.0,100.0,0.0,0.0,0,0.0,25,25,25,0.2020659999980125
25,8,1.0,0.001,{0.34},True,tabu_search,3,100.0,100.0,0.0,0.0,0,0.0,25,25,25,0.1827642999996896
25,8,1.0,0.001,{0.34},True,tabu_search,4,100.0,100.0,0.0,0.0,0,0.0,25,25,25,0.2143331999977817
26,8,0.0,0.001,{0.34},False,tabu_search,0,100.0,100.0,0.0,0.0,0,0.0,26,26,26,0.1581580999918515
26,8,0.0,0.001,{0.34},False,tabu_search,1,100.0,100.0,0.0,0.0,0,0.0,26,26,26,0.2074110000103246
26,8,0.0,0.001,{0.34},False,tabu_search,2,100.0,100.0,0.0,0.0,0,0.0,26,26,26,0.1678270999982487
26,8,0.0,0.001,{0.34},False,tabu_search,3,100.0,100.0,0.0,0.0,0,0.0,26,26,26,0.1704676000081235
26,8,0.0,0.001,{0.34},False,tabu_search,4,100.0,100.0,0.0,0.0,0,0.0,26,26,26,0.2167694000090705
26,8,0.0,0.001,{0.34},True,tabu_search,0,100.0,100.0,0.0,0.0,0,0.0,26,26,26,0.2093845999916084
26,8,0.0,0.001,{0.34},True,tabu_search,1,100.0,100.0,0.0,0.0,0,0.0,26,26,26,0.1742165999894496
26,8,0.0,0.001,{0.34},True,tabu_search,2,100.0,100.0,0.0,0.0,0,0.0,26,26,26,0.1905408000020543
26,8,0.0,0.001,{0.34},True,tabu_search,3,100.0,100.0,0.0,0.0,0,0.0,26,26,26,0.1859208000096259
26,8,0.0,0.001,{0.34},True,tabu_search,4,100.0,100.0,0.0,0.0,0,0.0,26,26,26,0.179501300008269
26,8,0.2,0.001,{0.34},False,tabu_search,0,100.0,100.0,0.0,0.0,0,0.0,26,26,26,0.1695630000031087
26,8,0.2,0.001,{0.34},False,tabu_search,1,100.0,100.0,0.0,0.0,0,0.0,26,26,26,0.1736178999999538
26,8,0.2,0.001,{0.34},False,tabu_search,2,100.0,100.0,0.0,0.0,0,0.0,26,26,26,0.2529079999949317
26,8,0.2,0.001,{0.34},False,tabu_search,3,100.0,100.0,0.0,0.0,0,0.0,26,26,26,0.1709357000072486
26,8,0.2,0.001,{0.34},False,tabu_search,4,100.0,100.0,0.0,0.0,0,0.0,26,26,26,0.1856259999913163
26,8,0.2,0.001,{0.34},True,tabu_search,0,100.0,100.0,0.0,0.0,0,0.0,26,26,26,0.1978322000068146
26,8,0.2,0.001,{0.34},True,tabu_search,1,100.0,100.0,0.0,0.0,0,0.0,26,26,26,0.1820870999945327
26,8,0.2,0.001,{0.34},True,tabu_search,2,100.0,100.0,0.0,0.0,0,0.0,26,26,26,0.230896399996709
26,8,0.2,0.001,{0.34},True,tabu_search,3,100.0,100.0,0.0,0.0,0,0.0,26,26,26,0.1934854999999515
26,8,0.2,0.001,{0.34},True,tabu_search,4,100.0,100.0,0.0,0.0,0,0.0,26,26,26,0.1677117999934125
26,8,0.4,0.001,{0.34},False,tabu_search,0,100.0,100.0,0.0,0.0,0,0.0,26,26,26,0.1677794999995967
26,8,0.4,0.001,{0.34},False,tabu_search,1,100.0,100.0,0.0,0.0,0,0.0,26,26,26,0.2107962000009138
26,8,0.4,0.001,{0.34},False,tabu_search,2,100.0,100.0,0.0,0.0,0,0.0,26,26,26,0.2761375999980373
26,8,0.4,0.001,{0.34},False,tabu_search,3,100.0,100.0,0.0,0.0,0,0.0,26,26,26,0.258793400003924
26,8,0.4,0.001,{0.34},False,tabu_search,4,100.0,100.0,0.0,0.0,0,0.0,26,26,26,0.2631572999962372
26,8,0.4,0.001,{0.34},True,tabu_search,0,100.0,100.0,0.0,0.0,0,0.0,26,26,26,0.2212381999997887
26,8,0.4,0.001,{0.34},True,tabu_search,1,100.0,100.0,0.0,0.0,0,0.0,26,26,26,0.2363938999915262
26,8,0.4,0.001,{0.34},True,tabu_search,2,100.0,100.0,0.0,0.0,0,0.0,26,26,26,0.2605658000102266
26,8,0.4,0.001,{0.34},True,tabu_search,3,100.0,100.0,0.0,0.0,0,0.0,26,26,26,0.2260782000084873
26,8,0.4,0.001,{0.34},True,tabu_search,4,100.0,100.0,0.0,0.0,0,0.0,26,26,26,0.2139435999997658
26,8,0.8,0.001,{0.34},False,tabu_search,0,100.0,100.0,0.0,0.0,0,0.0,26,26,26,0.2487553999962983
26,8,0.8,0.001,{0.34},False,tabu_search,1,100.0,100.0,0.0,0.0,0,0.0,26,26,26,0.2060953000036534
26,8,0.8,0.001,{0.34},False,tabu_search,2,100.0,100.0,0.0,0.0,0,0.0,26,26,26,0.2124235999945085
26,8,0.8,0.001,{0.34},False,tabu_search,3,100.0,100.0,0.0,0.0,0,0.0,26,26,26,0.233360400001402
26,8,0.8,0.001,{0.34},False,tabu_search,4,100.0,100.0,0.0,0.0,0,0.0,26,26,26,0.2471751000121003
26,8,0.8,0.001,{0.34},True,tabu_search,0,100.0,100.0,0.0,0.0,0,0.0,26,26,26,0.22123979999742
26,8,0.8,0.001,{0.34},True,tabu_search,1,100.0,100.0,0.0,0.0,0,0.0,26,26,26,0.2612858000065898
26,8,0.8,0.001,{0.34},True,tabu_search,2,100.0,100.0,0.0,0.0,0,0.0,26,26,26,0.204876099989633
26,8,0.8,0.001,{0.34},True,tabu_search,3,100.0,100.0,0.0,0.0,0,0.0,26,26,26,0.2210703000018838
26,8,0.8,0.001,{0.34},True,tabu_search,4,100.0,100.0,0.0,0.0,0,0.0,26,26,26,0.2386744999967049
26,8,1.0,0.001,{0.34},False,tabu_search,0,100.0,100.0,0.0,0.0,0,0.0,26,26,26,0.2665233000006992
26,8,1.0,0.001,{0.34},False,tabu_search,1,100.0,100.0,0.0,0.0,0,0.0,26,26,26,0.2394385000079637
26,8,1.0,0.001,{0.34},False,tabu_search,2,100.0,100.0,0.0,0.0,0,0.0,26,26,26,0.2051098999945679
26,8,1.0,0.001,{0.34},False,tabu_search,3,100.0,100.0,0.0,0.0,0,0.0,26,26,26,0.2232437000056961
26,8,1.0,0.001,{0.34},False,tabu_search,4,100.0,100.0,0.0,0.0,0,0.0,26,26,26,0.1883601000008639
26,8,1.0,0.001,{0.34},True,tabu_search,0,100.0,100.0,0.0,0.0,0,0.0,26,26,26,0.1922300000005634
26,8,1.0,0.001,{0.34},True,tabu_search,1,100.0,100.0,0.0,0.0,0,0.0,26,26,26,0.1895305000070948
26,8,1.0,0.001,{0.34},True,tabu_search,2,100.0,100.0,0.0,0.0,0,0.0,26,26,26,0.1961243999976432
26,8,1.0,0.001,{0.34},True,tabu_search,3,100.0,100.0,0.0,0.0,0,0.0,26,26,26,0.2172908000065945
26,8,1.0,0.001,{0.34},True,tabu_search,4,100.0,100.0,0.0,0.0,0,0.0,26,26,26,0.1978629999939585
27,8,0.0,0.001,{0.34},False,tabu_search,0,100.0,100.0,0.0,0.0,0,0.0,27,27,27,0.2467073000007076
27,8,0.0,0.001,{0.34},False,tabu_search,1,100.0,100.0,0.0,0.0,0,0.0,27,27,27,0.2031409999908646
27,8,0.0,0.001,{0.34},False,tabu_search,2,100.0,100.0,0.0,0.0,0,0.0,27,27,27,0.1995270000043092
27,8,0.0,0.001,{0.34},False,tabu_search,3,100.0,100.0,0.0,0.0,0,0.0,27,27,27,0.1971722000016598
27,8,0.0,0.001,{0.34},False,tabu_search,4,100.0,100.0,0.0,0.0,0,0.0,27,27,27,0.2053961000056006
27,8,0.0,0.001,{0.34},True,tabu_search,0,100.0,100.0,0.0,0.0,0,0.0,27,27,27,0.272205400004168
27,8,0.0,0.001,{0.34},True,tabu_search,1,100.0,100.0,0.0,0.0,0,0.0,27,27,27,0.2111552999995183
27,8,0.0,0.001,{0.34},True,tabu_search,2,100.0,100.0,0.0,0.0,0,0.0,27,27,27,0.1997800999961327
27,8,0.0,0.001,{0.34},True,tabu_search,3,100.0,100.0,0.0,0.0,0,0.0,27,27,27,0.205888500000583
27,8,0.0,0.001,{0.34},True,tabu_search,4,100.0,100.0,0.0,0.0,0,0.0,27,27,27,0.2006418999953894
27,8,0.2,0.001,{0.34},False,tabu_search,0,100.0,100.0,0.0,0.0,0,0.0,27,27,27,0.2034067999920807
27,8,0.2,0.001,{0.34},False,tabu_search,1,100.0,100.0,0.0,0.0,0,0.0,27,27,27,0.2598896999988938
27,8,0.2,0.001,{0.34},False,tabu_search,2,100.0,100.0,0.0,0.0,0,0.0,27,27,27,0.1998996999900555
27,8,0.2,0.001,{0.34},False,tabu_search,3,100.0,100.0,0.0,0.0,0,0.0,27,27,27,0.1965098000073339
27,8,0.2,0.001,{0.34},False,tabu_search,4,100.0,100.0,0.0,0.0,0,0.0,27,27,27,0.197623800006113
27,8,0.2,0.001,{0.34},True,tabu_search,0,100.0,100.0,0.0,0.0,0,0.0,27,27,27,0.2043354000052204
27,8,0.2,0.001,{0.34},True,tabu_search,1,100.0,100.0,0.0,0.0,0,0.0,27,27,27,0.1995366000046488
27,8,0.2,0.001,{0.34},True,tabu_search,2,100.0,100.0,0.0,0.0,0,0.0,27,27,27,0.2428533000056632
27,8,0.2,0.001,{0.34},True,tabu_search,3,100.0,100.0,0.0,0.0,0,0.0,27,27,27,0.1986222999985329
27,8,0.2,0.001,{0.34},True,tabu_search,4,100.0,100.0,0.0,0.0,0,0.0,27,27,27,0.1958517000020947
27,8,0.4,0.001,{0.34},False,tabu_search,0,100.0,100.0,0.0,0.0,0,0.0,27,27,27,0.2210985999990953
27,8,0.4,0.001,{0.34},False,tabu_search,1,100.0,100.0,0.0,0.0,0,0.0,27,27,27,0.2009891999914543
27,8,0.4,0.001,{0.34},False,tabu_search,2,100.0,100.0,0.0,0.0,0,0.0,27,27,27,0.2037114999984624
27,8,0.4,0.001,{0.34},False,tabu_search,3,100.0,100.0,0.0,0.0,0,0.0,27,27,27,0.2422874000039883
27,8,0.4,0.001,{0.34},False,tabu_search,4,100.0,100.0,0.0,0.0,0,0.0,27,27,27,0.1990025000122841
27,8,0.4,0.001,{0.34},True,tabu_search,0,100.0,100.0,0.0,0.0,0,0.0,27,27,27,0.1958300999976927
27,8,0.4,0.001,{0.34},True,tabu_search,1,100.0,100.0,0.0,0.0,0,0.0,27,27,27,0.1987492999905953
27,8,0.4,0.001,{0.34},True,tabu_search,2,100.0,100.0,0.0,0.0,0,0.0,27,27,27,0.1995640999957686
27,8,0.4,0.001,{0.34},True,tabu_search,3,100.0,100.0,0.0,0.0,0,0.0,27,27,27,0.216351900002337
27,8,0.4,0.001,{0.34},True,tabu_search,4,100.0,100.0,0.0,0.0,0,0.0,27,27,27,0.2514328999968711
27,8,0.8,0.001,{0.34},False,tabu_search,0,100.0,100.0,0.0,0.0,0,0.0,27,27,27,0.1961959999898681
27,8,0.8,0.001,{0.34},False,tabu_search,1,100.0,100.0,0.0,0.0,0,0.0,27,27,27,0.1981206999917049
27,8,0.8,0.001,{0.34},False,tabu_search,2,100.0,100.0,0.0,0.0,0,0.0,27,27,27,0.1962592999916523
27,8,0.8,0.001,{0.34},False,tabu_search,3,100.0,100.0,0.0,0.0,0,0.0,27,27,27,0.1987289999960921
27,8,0.8,0.001,{0.34},False,tabu_search,4,100.0,100.0,0.0,0.0,0,0.0,27,27,27,0.2019207999983336
27,8,0.8,0.001,{0.34},True,tabu_search,0,100.0,100.0,0.0,0.0,0,0.0,27,27,27,0.2428053999901749
27,8,0.8,0.001,{0.34},True,tabu_search,1,100.0,100.0,0.0,0.0,0,0.0,27,27,27,0.2076880999957211
27,8,0.8,0.001,{0.34},True,tabu_search,2,100.0,100.0,0.0,0.0,0,0.0,27,27,27,0.198207800000091
27,8,0.8,0.001,{0.34},True,tabu_search,3,100.0,100.0,0.0,0.0,0,0.0,27,27,27,0.2019660000078147
27,8,0.8,0.001,{0.34},True,tabu_search,4,100.0,100.0,0.0,0.0,0,0.0,27,27,27,0.201020199994673
27,8,1.0,0.001,{0.34},False,tabu_search,0,100.0,100.0,0.0,0.0,0,0.0,27,27,27,0.1913375000003725
27,8,1.0,0.001,{0.34},False,tabu_search,1,100.0,100.0,0.0,0.0,0,0.0,27,27,27,0.1953742999903625
27,8,1.0,0.001,{0.34},False,tabu_search,2,100.0,100.0,0.0,0.0,0,0.0,27,27,27,0.241087400005199
27,8,1.0,0.001,{0.34},False,tabu_search,3,100.0,100.0,0.0,0.0,0,0.0,27,27,27,0.192903600007412
27,8,1.0,0.001,{0.34},False,tabu_search,4,100.0,100.0,0.0,0.0,0,0.0,27,27,27,0.1960204000060912
27,8,1.0,0.001,{0.34},True,tabu_search,0,100.0,100.0,0.0,0.0,0,0.0,27,27,27,0.2127739999996265
27,8,1.0,0.001,{0.34},True,tabu_search,1,100.0,100.0,0.0,0.0,0,0.0,27,27,27,0.2118585999996867
27,8,1.0,0.001,{0.34},True,tabu_search,2,100.0,100.0,0.0,0.0,0,0.0,27,27,27,0.2131703999912133
27,8,1.0,0.001,{0.34},True,tabu_search,3,100.0,100.0,0.0,0.0,0,0.0,27,27,27,0.2487143000034848
27,8,1.0,0.001,{0.34},True,tabu_search,4,100.0,100.0,0.0,0.0,0,0.0,27,27,27,0.2014237999974284
28,8,0.0,0.001,{0.34},False,tabu_search,0,100.0,100.0,0.0,0.0,0,0.0,28,28,28,0.205571600003168
28,8,0.0,0.001,{0.34},False,tabu_search,1,100.0,100.0,0.0,0.0,0,0.0,28,28,28,0.2216255999956047
28,8,0.0,0.001,{0.34},False,tabu_search,2,100.0,100.0,0.0,0.0,0,0.0,28,28,28,0.2134712000115541
28,8,0.0,0.001,{0.34},False,tabu_search,3,100.0,100.0,0.0,0.0,0,0.0,28,28,28,0.2142374999966705
28,8,0.0,0.001,{0.34},False,tabu_search,4,100.0,100.0,0.0,0.0,0,0.0,28,28,28,0.2684831000078702
28,8,0.0,0.001,{0.34},True,tabu_search,0,100.0,100.0,0.0,0.0,0,0.0,28,28,28,0.2095360999956028
28,8,0.0,0.001,{0.34},True,tabu_search,1,100.0,100.0,0.0,0.0,0,0.0,28,28,28,0.205870199992205
28,8,0.0,0.001,{0.34},True,tabu_search,2,100.0,100.0,0.0,0.0,0,0.0,28,28,28,0.1982265999977244
28,8,0.0,0.001,{0.34},True,tabu_search,3,100.0,100.0,0.0,0.0,0,0.0,28,28,28,0.2240536000026622
28,8,0.0,0.001,{0.34},True,tabu_search,4,100.0,100.0,0.0,0.0,0,0.0,28,28,28,0.2596148000011453
28,8,0.2,0.001,{0.34},False,tabu_search,0,100.0,100.0,0.0,0.0,0,0.0,28,28,28,0.2236590000102296
28,8,0.2,0.001,{0.34},False,tabu_search,1,100.0,100.0,0.0,0.0,0,0.0,28,28,28,0.2132727999996859
28,8,0.2,0.001,{0.34},False,tabu_search,2,100.0,100.0,0.0,0.0,0,0.0,28,28,28,0.2102197000058367
28,8,0.2,0.001,{0.34},False,tabu_search,3,100.0,100.0,0.0,0.0,0,0.0,28,28,28,0.205264399992302
28,8,0.2,0.001,{0.34},False,tabu_search,4,100.0,100.0,0.0,0.0,0,0.0,28,28,28,0.2083164999930886
28,8,0.2,0.001,{0.34},True,tabu_search,0,100.0,100.0,0.0,0.0,0,0.0,28,28,28,0.2688046999974176
28,8,0.2,0.001,{0.34},True,tabu_search,1,100.0,100.0,0.0,0.0,0,0.0,28,28,28,0.2125136000104248
28,8,0.2,0.001,{0.34},True,tabu_search,2,100.0,100.0,0.0,0.0,0,0.0,28,28,28,0.2131733999995049
28,8,0.2,0.001,{0.34},True,tabu_search,3,100.0,100.0,0.0,0.0,0,0.0,28,28,28,0.2088434000033885
28,8,0.2,0.001,{0.34},True,tabu_search,4,100.0,100.0,0.0,0.0,0,0.0,28,28,28,0.2019105999934254
28,8,0.4,0.001,{0.34},False,tabu_search,0,100.0,100.0,0.0,0.0,0,0.0,28,28,28,0.2470009000098798
28,8,0.4,0.001,{0.34},False,tabu_search,1,100.0,100.0,0.0,0.0,0,0.0,28,28,28,0.2017084999970393
28,8,0.4,0.001,{0.34},False,tabu_search,2,100.0,100.0,0.0,0.0,0,0.0,28,28,28,0.2020206000015605
28,8,0.4,0.001,{0.34},False,tabu_search,3,100.0,100.0,0.0,0.0,0,0.0,28,28,28,0.2270960000023478
28,8,0.4,0.001,{0.34},False,tabu_search,4,100.0,100.0,0.0,0.0,0,0.0,28,28,28,0.2188892999984091
28,8,0.4,0.001,{0.34},True,tabu_search,0,100.0,100.0,0.0,0.0,0,0.0,28,28,28,0.2093943999934708
28,8,0.4,0.001,{0.34},True,tabu_search,1,100.0,100.0,0.0,0.0,0,0.0,28,28,28,0.2548384999972768
28,8,0.4,0.001,{0.34},True,tabu_search,2,100.0,100.0,0.0,0.0,0,0.0,28,28,28,0.2088696999999229
28,8,0.4,0.001,{0.34},True,tabu_search,3,100.0,100.0,0.0,0.0,0,0.0,28,28,28,0.2046293000021251
28,8,0.4,0.001,{0.34},True,tabu_search,4,100.0,100.0,0.0,0.0,0,0.0,28,28,28,0.2003391000034753
28,8,0.8,0.001,{0.34},False,tabu_search,0,100.0,100.0,0.0,0.0,0,0.0,28,28,28,0.2116724999941652
28,8,0.8,0.001,{0.34},False,tabu_search,1,100.0,100.0,0.0,0.0,0,0.0,28,28,28,0.2079211999953258
28,8,0.8,0.001,{0.34},False,tabu_search,2,100.0,100.0,0.0,0.0,0,0.0,28,28,28,0.2730091999983415
28,8,0.8,0.001,{0.34},False,tabu_search,3,100.0,100.0,0.0,0.0,0,0.0,28,28,28,0.2077719000080833
28,8,0.8,0.001,{0.34},False,tabu_search,4,100.0,100.0,0.0,0.0,0,0.0,28,28,28,0.1969252000126289
28,8,0.8,0.001,{0.34},True,tabu_search,0,100.0,100.0,0.0,0.0,0,0.0,28,28,28,0.2030823000095551
28,8,0.8,0.001,{0.34},True,tabu_search,1,100.0,100.0,0.0,0.0,0,0.0,28,28,28,0.2073501999984728
28,8,0.8,0.001,{0.34},True,tabu_search,2,100.0,100.0,0.0,0.0,0,0.0,28,28,28,0.2517154999950435
28,8,0.8,0.001,{0.34},True,tabu_search,3,100.0,100.0,0.0,0.0,0,0.0,28,28,28,0.2308454000012716
28,8,0.8,0.001,{0.34},True,tabu_search,4,100.0,100.0,0.0,0.0,0,0.0,28,28,28,0.2157201999943936
28,8,1.0,0.001,{0.34},False,tabu_search,0,100.0,100.0,0.0,0.0,0,0.0,28,28,28,0.210657200004789
28,8,1.0,0.001,{0.34},False,tabu_search,1,100.0,100.0,0.0,0.0,0,0.0,28,28,28,0.2089354000054299
28,8,1.0,0.001,{0.34},False,tabu_search,2,100.0,100.0,0.0,0.0,0,0.0,28,28,28,0.205025300005218
28,8,1.0,0.001,{0.34},False,tabu_search,3,100.0,100.0,0.0,0.0,0,0.0,28,28,28,0.2526115000073332
28,8,1.0,0.001,{0.34},False,tabu_search,4,100.0,100.0,0.0,0.0,0,0.0,28,28,28,0.2022912999964319
28,8,1.0,0.001,{0.34},True,tabu_search,0,100.0,100.0,0.0,0.0,0,0.0,28,28,28,0.2170366999926045
28,8,1.0,0.001,{0.34},True,tabu_search,1,100.0,100.0,0.0,0.0,0,0.0,28,28,28,0.2207739000004949
28,8,1.0,0.001,{0.34},True,tabu_search,2,100.0,100.0,0.0,0.0,0,0.0,28,28,28,0.207502299992484
28,8,1.0,0.001,{0.34},True,tabu_search,3,100.0,100.0,0.0,0.0,0,0.0,28,28,28,0.2135162999911699
28,8,1.0,0.001,{0.34},True,tabu_search,4,100.0,100.0,0.0,0.0,0,0.0,28,28,28,0.2486945999989984
29,8,0.0,0.001,{0.34},False,tabu_search,0,100.0,100.0,0.0,0.0,0,0.0,29,29,29,0.2121584999986225
29,8,0.0,0.001,{0.34},False,tabu_search,1,100.0,100.0,0.0,0.0,0,0.0,29,29,29,0.2225311000074725
29,8,0.0,0.001,{0.34},False,tabu_search,2,100.0,100.0,0.0,0.0,0,0.0,29,29,29,0.2346071000065421
29,8,0.0,0.001,{0.34},False,tabu_search,3,100.0,100.0,0.0,0.0,0,0.0,29,29,29,0.2230777999939164
29,8,0.0,0.001,{0.34},False,tabu_search,4,100.0,100.0,0.0,0.0,0,0.0,29,29,29,0.255094399995869
29,8,0.0,0.001,{0.34},True,tabu_search,0,100.0,100.0,0.0,0.0,0,0.0,29,29,29,0.2134769999975105
29,8,0.0,0.001,{0.34},True,tabu_search,1,100.0,100.0,0.0,0.0,0,0.0,29,29,29,0.2243402000021888
29,8,0.0,0.001,{0.34},True,tabu_search,2,100.0,100.0,0.0,0.0,0,0.0,29,29,29,0.2271120999939739
29,8,0.0,0.001,{0.34},True,tabu_search,3,100.0,100.0,0.0,0.0,0,0.0,29,29,29,0.243476700008614
29,8,0.0,0.001,{0.34},True,tabu_search,4,100.0,100.0,0.0,0.0,0,0.0,29,29,29,0.2958825999958208
29,8,0.2,0.001,{0.34},False,tabu_search,0,100.0,100.0,0.0,0.0,0,0.0,29,29,29,0.2280285000015283
29,8,0.2,0.001,{0.34},False,tabu_search,1,100.0,100.0,0.0,0.0,0,0.0,29,29,29,0.2256879999913508
29,8,0.2,0.001,{0.34},False,tabu_search,2,100.0,100.0,0.0,0.0,0,0.0,29,29,29,0.2200201999949058
29,8,0.2,0.001,{0.34},False,tabu_search,3,100.0,100.0,0.0,0.0,0,0.0,29,29,29,0.2226229999942006
29,8,0.2,0.001,{0.34},False,tabu_search,4,100.0,100.0,0.0,0.0,0,0.0,29,29,29,0.2325352000043494
29,8,0.2,0.001,{0.34},True,tabu_search,0,100.0,100.0,0.0,0.0,0,0.0,29,29,29,0.2617597999924328
29,8,0.2,0.001,{0.34},True,tabu_search,1,100.0,100.0,0.0,0.0,0,0.0,29,29,29,0.2498332999966805
29,8,0.2,0.001,{0.34},True,tabu_search,2,100.0,100.0,0.0,0.0,0,0.0,29,29,29,0.233942399994703
29,8,0.2,0.001,{0.34},True,tabu_search,3,100.0,100.0,0.0,0.0,0,0.0,29,29,29,0.22778030000336
29,8,0.2,0.001,{0.34},True,tabu_search,4,100.0,100.0,0.0,0.0,0,0.0,29,29,29,0.276858600002015
29,8,0.4,0.001,{0.34},False,tabu_search,0,100.0,100.0,0.0,0.0,0,0.0,29,29,29,0.262265400000615
29,8,0.4,0.001,{0.34},False,tabu_search,1,100.0,100.0,0.0,0.0,0,0.0,29,29,29,0.3344940999959362
29,8,0.4,0.001,{0.34},False,tabu_search,2,100.0,100.0,0.0,0.0,0,0.0,29,29,29,0.2650876999978209
29,8,0.4,0.001,{0.34},False,tabu_search,3,100.0,100.0,0.0,0.0,0,0.0,29,29,29,0.2603980999992927
29,8,0.4,0.001,{0.34},False,tabu_search,4,100.0,100.0,0.0,0.0,0,0.0,29,29,29,0.2325249999994412
29,8,0.4,0.001,{0.34},True,tabu_search,0,100.0,100.0,0.0,0.0,0,0.0,29,29,29,0.2875192999927094
29,8,0.4,0.001,{0.34},True,tabu_search,1,100.0,100.0,0.0,0.0,0,0.0,29,29,29,0.2286383000027854
29,8,0.4,0.001,{0.34},True,tabu_search,2,100.0,100.0,0.0,0.0,0,0.0,29,29,29,0.2265098999923793
29,8,0.4,0.001,{0.34},True,tabu_search,3,100.0,100.0,0.0,0.0,0,0.0,29,29,29,0.2236888000043109
29,8,0.4,0.001,{0.34},True,tabu_search,4,100.0,100.0,0.0,0.0,0,0.0,29,29,29,0.2256382999912602
29,8,0.8,0.001,{0.34},False,tabu_search,0,100.0,100.0,0.0,0.0,0,0.0,29,29,29,0.2650071000098251
29,8,0.8,0.001,{0.34},False,tabu_search,1,100.0,100.0,0.0,0.0,0,0.0,29,29,29,0.2154677999933483
29,8,0.8,0.001,{0.34},False,tabu_search,2,100.0,100.0,0.0,0.0,0,0.0,29,29,29,0.2153600000019651
29,8,0.8,0.001,{0.34},False,tabu_search,3,100.0,100.0,0.0,0.0,0,0.0,29,29,29,0.2276616000017384
29,8,0.8,0.001,{0.34},False,tabu_search,4,100.0,100.0,0.0,0.0,0,0.0,29,29,29,0.2201325000060023
29,8,0.8,0.001,{0.34},True,tabu_search,0,100.0,100.0,0.0,0.0,0,0.0,29,29,29,0.2767661000107182
29,8,0.8,0.001,{0.34},True,tabu_search,1,100.0,100.0,0.0,0.0,0,0.0,29,29,29,0.2203291000041645
29,8,0.8,0.001,{0.34},True,tabu_search,2,100.0,100.0,0.0,0.0,0,0.0,29,29,29,0.221994799998356
29,8,0.8,0.001,{0.34},True,tabu_search,3,100.0,100.0,0.0,0.0,0,0.0,29,29,29,0.2228316999971866
29,8,0.8,0.001,{0.34},True,tabu_search,4,100.0,100.0,0.0,0.0,0,0.0,29,29,29,0.2459722000057809
29,8,1.0,0.001,{0.34},False,tabu_search,0,100.0,100.0,0.0,0.0,0,0.0,29,29,29,0.2599389999959385
29,8,1.0,0.001,{0.34},False,tabu_search,1,100.0,100.0,0.0,0.0,0,0.0,29,29,29,0.3055445999925723
29,8,1.0,0.001,{0.34},False,tabu_search,2,100.0,100.0,0.0,0.0,0,0.0,29,29,29,0.2323114999890094
29,8,1.0,0.001,{0.34},False,tabu_search,3,100.0,100.0,0.0,0.0,0,0.0,29,29,29,0.2259770000091521
29,8,1.0,0.001,{0.34},False,tabu_search,4,100.0,100.0,0.0,0.0,0,0.0,29,29,29,0.2226053000049432
29,8,1.0,0.001,{0.34},True,tabu_search,0,100.0,100.0,0.0,0.0,0,0.0,29,29,29,0.2461035000014817
29,8,1.0,0.001,{0.34},True,tabu_search,1,100.0,100.0,0.0,0.0,0,0.0,29,29,29,0.2855151999974623
29,8,1.0,0.001,{0.34},True,tabu_search,2,100.0,100.0,0.0,0.0,0,0.0,29,29,29,0.2305371999973431
29,8,1.0,0.001,{0.34},True,tabu_search,3,100.0,100.0,0.0,0.0,0,0.0,29,29,29,0.2165183000033721
29,8,1.0,0.001,{0.34},True,tabu_search,4,100.0,100.0,0.0,0.0,0,0.0,29,29,29,0.2210558999940985
20,8,0.0,0.001,{0.34},False,tabu_search,0,100.0,100.0,0.0,0.0,0,0.0,20,20,20,0.13749100000131875
20,8,0.0,0.001,{0.34},False,tabu_search,1,100.0,100.0,0.0,0.0,0,0.0,20,20,20,0.1309768999926746
20,8,0.0,0.001,{0.34},False,tabu_search,2,100.0,100.0,0.0,0.0,0,0.0,20,20,20,0.12868299998808652
20,8,0.0,0.001,{0.34},False,tabu_search,3,100.0,100.0,0.0,0.0,0,0.0,20,20,20,0.1342752000055043
20,8,0.0,0.001,{0.34},False,tabu_search,4,100.0,100.0,0.0,0.0,0,0.0,20,20,20,0.1320685999962734
20,8,0.0,0.001,{0.34},True,tabu_search,0,100.0,100.0,0.0,0.0,0,0.0,20,20,20,0.1489867000054801
20,8,0.0,0.001,{0.34},True,tabu_search,1,100.0,100.0,0.0,0.0,0,0.0,20,20,20,0.15919720000238158
20,8,0.0,0.001,{0.34},True,tabu_search,2,100.0,100.0,0.0,0.0,0,0.0,20,20,20,0.13075739999476355
20,8,0.0,0.001,{0.34},True,tabu_search,3,100.0,100.0,0.0,0.0,0,0.0,20,20,20,0.1342834000097355
20,8,0.0,0.001,{0.34},True,tabu_search,4,100.0,100.0,0.0,0.0,0,0.0,20,20,20,0.1336513999995077
20,8,0.2,0.001,{0.34},False,tabu_search,0,100.0,100.0,0.0,0.0,0,0.0,20,20,20,0.13642670000263024
20,8,0.2,0.001,{0.34},False,tabu_search,1,100.0,100.0,0.0,0.0,0,0.0,20,20,20,0.13781450000533368
20,8,0.2,0.001,{0.34},False,tabu_search,2,100.0,100.0,0.0,0.0,0,0.0,20,20,20,0.1342354000080377
20,8,0.2,0.001,{0.34},False,tabu_search,3,100.0,100.0,0.0,0.0,0,0.0,20,20,20,0.1314330000022892
20,8,0.2,0.001,{0.34},False,tabu_search,4,100.0,100.0,0.0,0.0,0,0.0,20,20,20,0.16394319999380969
20,8,0.2,0.001,{0.34},True,tabu_search,0,100.0,100.0,0.0,0.0,0,0.0,20,20,20,0.13199660000100266
20,8,0.2,0.001,{0.34},True,tabu_search,1,100.0,100.0,0.0,0.0,0,0.0,20,20,20,0.15137260001210961
20,8,0.2,0.001,{0.34},True,tabu_search,2,100.0,100.0,0.0,0.0,0,0.0,20,20,20,0.1326072999945609
20,8,0.2,0.001,{0.34},True,tabu_search,3,100.0,100.0,0.0,0.0,0,0.0,20,20,20,0.13343770000210498
20,8,0.2,0.001,{0.34},True,tabu_search,4,100.0,100.0,0.0,0.0,0,0.0,20,20,20,0.13208310000482015
20,8,0.4,0.001,{0.34},False,tabu_search,0,100.0,100.0,0.0,0.0,0,0.0,20,20,20,0.13530069999978878
20,8,0.4,0.001,{0.34},False,tabu_search,1,100.0,100.0,0.0,0.0,0,0.0,20,20,20,0.12955450000299606
20,8,0.4,0.001,{0.34},False,tabu_search,2,100.0,100.0,0.0,0.0,0,0.0,20,20,20,0.13122629999998026
20,8,0.4,0.001,{0.34},False,tabu_search,3,100.0,100.0,0.0,0.0,0,0.0,20,20,20,0.16388889998779632
20,8,0.4,0.001,{0.34},False,tabu_search,4,100.0,100.0,0.0,0.0,0,0.0,20,20,20,0.14502130000619218
20,8,0.4,0.001,{0.34},True,tabu_search,0,100.0,100.0,0.0,0.0,0,0.0,20,20,20,0.13208619999932125
20,8,0.4,0.001,{0.34},True,tabu_search,1,100.0,100.0,0.0,0.0,0,0.0,20,20,20,0.13380080000206362
20,8,0.4,0.001,{0.34},True,tabu_search,2,100.0,100.0,0.0,0.0,0,0.0,20,20,20,0.13761010000598617
20,8,0.4,0.001,{0.34},True,tabu_search,3,100.0,100.0,0.0,0.0,0,0.0,20,20,20,0.13157899999350775
20,8,0.4,0.001,{0.34},True,tabu_search,4,100.0,100.0,0.0,0.0,0,0.0,20,20,20,0.1334151000046404
20,8,0.8,0.001,{0.34},False,tabu_search,0,100.0,100.0,0.0,0.0,0,0.0,20,20,20,0.13451780000468716
20,8,0.8,0.001,{0.34},False,tabu_search,1,100.0,100.0,0.0,0.0,0,0.0,20,20,20,0.12967390000994783
20,8,0.8,0.001,{0.34},False,tabu_search,2,100.0,100.0,0.0,0.0,0,0.0,20,20,20,0.18046030000550672
20,8,0.8,0.001,{0.34},False,tabu_search,3,100.0,100.0,0.0,0.0,0,0.0,20,20,20,0.1316973000066355
20,8,0.8,0.001,{0.34},False,tabu_search,4,100.0,100.0,0.0,0.0,0,0.0,20,20,20,0.13205379999999423
20,8,0.8,0.001,{0.34},True,tabu_search,0,100.0,100.0,0.0,0.0,0,0.0,20,20,20,0.13044050001190044
20,8,0.8,0.001,{0.34},True,tabu_search,1,100.0,100.0,0.0,0.0,0,0.0,20,20,20,0.13081960000272375
20,8,0.8,0.001,{0.34},True,tabu_search,2,100.0,100.0,0.0,0.0,0,0.0,20,20,20,0.14123449999897275
20,8,0.8,0.001,{0.34},True,tabu_search,3,100.0,100.0,0.0,0.0,0,0.0,20,20,20,0.15560820000246167
20,8,0.8,0.001,{0.34},True,tabu_search,4,100.0,100.0,0.0,0.0,0,0.0,20,20,20,0.13158370000019204
20,8,1.0,0.001,{0.34},False,tabu_search,0,100.0,100.0,0.0,0.0,0,0.0,20,20,20,0.13450110000849236
20,8,1.0,0.001,{0.34},False,tabu_search,1,100.0,100.0,0.0,0.0,0,0.0,20,20,20,0.14548700000159442
20,8,1.0,0.001,{0.34},False,tabu_search,2,100.0,100.0,0.0,0.0,0,0.0,20,20,20,0.16420949999883305
20,8,1.0,0.001,{0.34},False,tabu_search,3,100.0,100.0,0.0,0.0,0,0.0,20,20,20,0.13515810000535566
20,8,1.0,0.001,{0.34},False,tabu_search,4,100.0,100.0,0.0,0.0,0,0.0,20,20,20,0.1290783000004012
20,8,1.0,0.001,{0.34},True,tabu_search,0,100.0,100.0,0.0,0.0,0,0.0,20,20,20,0.1359360999922501
20,8,1.0,0.001,{0.34},True,tabu_search,1,100.0,100.0,0.0,0.0,0,0.0,20,20,20,0.13088179999613203
20,8,1.0,0.001,{0.34},True,tabu_search,2,100.0,100.0,0.0,0.0,0,0.0,20,20,20,0.1331200999993598
20,8,1.0,0.001,{0.34},True,tabu_search,3,100.0,100.0,0.0,0.0,0,0.0,20,20,20,0.1325557999953162
20,8,1.0,0.001,{0.34},True,tabu_search,4,100.0,100.0,0.0,0.0,0,0.0,20,20,20,0.1377989000029629
20,12,0.0,0.001,{0.34},False,tabu_search,0,100.0,100.0,0.0,0.0,0,0.0,20,20,20,1.3782174999942072
20,12,0.0,0.001,{0.34},True,tabu_search,0,100.0,100.0,0.0,0.0,0,0.0,20,20,20,1.387293599997065
21,8,0.0,0.001,{0.34},False,tabu_search,0,100.0,100.0,0.0,0.0,0,0.0,21,21,21,0.139939200002118
21,8,0.0,0.001,{0.34},False,tabu_search,1,100.0,100.0,0.0,0.0,0,0.0,21,21,21,0.13652000000001863
21,8,0.0,0.001,{0.34},False,tabu_search,2,100.0,100.0,0.0,0.0,0,0.0,21,21,21,0.13552410001284443
21,8,0.0,0.001,{0.34},False,tabu_search,3,100.0,100.0,0.0,0.0,0,0.0,21,21,21,0.1362284000060754
21,8,0.0,0.001,{0.34},False,tabu_search,4,100.0,100.0,0.0,0.0,0,0.0,21,21,21,0.1393783999956213
21,8,0.0,0.001,{0.34},True,tabu_search,0,100.0,100.0,0.0,0.0,0,0.0,21,21,21,0.13711680000415072
21,8,0.0,0.001,{0.34},True,tabu_search,1,100.0,100.0,0.0,0.0,0,0.0,21,21,21,0.19444439999642782
21,8,0.0,0.001,{0.34},True,tabu_search,2,100.0,100.0,0.0,0.0,0,0.0,21,21,21,0.13595409999834374
21,8,0.0,0.001,{0.34},True,tabu_search,3,100.0,100.0,0.0,0.0,0,0.0,21,21,21,0.13542589999269694
21,8,0.0,0.001,{0.34},True,tabu_search,4,100.0,100.0,0.0,0.0,0,0.0,21,21,21,0.1383040000073379
21,8,0.2,0.001,{0.34},False,tabu_search,0,100.0,100.0,0.0,0.0,0,0.0,21,21,21,0.1375146000063978
21,8,0.2,0.001,{0.34},False,tabu_search,1,100.0,100.0,0.0,0.0,0,0.0,21,21,21,0.13898629999312107
21,8,0.2,0.001,{0.34},False,tabu_search,2,100.0,100.0,0.0,0.0,0,0.0,21,21,21,0.13874110000324436
21,8,0.2,0.001,{0.34},False,tabu_search,3,100.0,100.0,0.0,0.0,0,0.0,21,21,21,0.1441086999984691
21,8,0.2,0.001,{0.34},False,tabu_search,4,100.0,100.0,0.0,0.0,0,0.0,21,21,21,0.176958600000944
21,8,0.2,0.001,{0.34},True,tabu_search,0,100.0,100.0,0.0,0.0,0,0.0,21,21,21,0.13890370000444818
21,8,0.2,0.001,{0.34},True,tabu_search,1,100.0,100.0,0.0,0.0,0,0.0,21,21,21,0.13776979999965988
21,8,0.2,0.001,{0.34},True,tabu_search,2,100.0,100.0,0.0,0.0,0,0.0,21,21,21,0.14019550000375602
21,8,0.2,0.001,{0.34},True,tabu_search,3,100.0,100.0,0.0,0.0,0,0.0,21,21,21,0.13490400000591762
21,8,0.2,0.001,{0.34},True,tabu_search,4,100.0,100.0,0.0,0.0,0,0.0,21,21,21,0.14463870000327006
21,8,0.4,0.001,{0.34},False,tabu_search,0,100.0,100.0,0.0,0.0,0,0.0,21,21,21,0.13969779999752063
21,8,0.4,0.001,{0.34},False,tabu_search,1,100.0,100.0,0.0,0.0,0,0.0,21,21,21,0.16665430000284687
21,8,0.4,0.001,{0.34},False,tabu_search,2,100.0,100.0,0.0,0.0,0,0.0,21,21,21,0.1788419999938924
21,8,0.4,0.001,{0.34},False,tabu_search,3,100.0,100.0,0.0,0.0,0,0.0,21,21,21,0.14651170000433922
21,8,0.4,0.001,{0.34},False,tabu_search,4,100.0,100.0,0.0,0.0,0,0.0,21,21,21,0.13780100000440143
21,8,0.4,0.001,{0.34},True,tabu_search,0,100.0,100.0,0.0,0.0,0,0.0,21,21,21,0.13397239999903832
21,8,0.4,0.001,{0.34},True,tabu_search,1,100.0,100.0,0.0,0.0,0,0.0,21,21,21,0.13608549999480601
21,8,0.4,0.001,{0.34},True,tabu_search,2,100.0,100.0,0.0,0.0,0,0.0,21,21,21,0.13858430000254884
21,8,0.4,0.001,{0.34},True,tabu_search,3,100.0,100.0,0.0,0.0,0,0.0,21,21,21,0.15165410000190604
21,8,0.4,0.001,{0.34},True,tabu_search,4,100.0,100.0,0.0,0.0,0,0.0,21,21,21,0.13764470000751317
21,8,0.8,0.001,{0.34},False,tabu_search,0,100.0,100.0,0.0,0.0,0,0.0,21,21,21,0.14428290000068955
21,8,0.8,0.001,{0.34},False,tabu_search,1,100.0,100.0,0.0,0.0,0,0.0,21,21,21,0.17444780000369065
21,8,0.8,0.001,{0.34},False,tabu_search,2,100.0,100.0,0.0,0.0,0,0.0,21,21,21,0.1398027999966871
21,8,0.8,0.001,{0.34},False,tabu_search,3,100.0,100.0,0.0,0.0,0,0.0,21,21,21,0.14043410000158474
21,8,0.8,0.001,{0.34},False,tabu_search,4,100.0,100.0,0.0,0.0,0,0.0,21,21,21,0.14228309999452904
21,8,0.8,0.001,{0.34},True,tabu_search,0,100.0,100.0,0.0,0.0,0,0.0,21,21,21,0.1394214999891119
21,8,0.8,0.001,{0.34},True,tabu_search,1,100.0,100.0,0.0,0.0,0,0.0,21,21,21,0.1408104000001913
21,8,0.8,0.001,{0.34},True,tabu_search,2,100.0,100.0,0.0,0.0,0,0.0,21,21,21,0.1521729999949457
21,8,0.8,0.001,{0.34},True,tabu_search,3,100.0,100.0,0.0,0.0,0,0.0,21,21,21,0.1411573000077624
21,8,0.8,0.001,{0.34},True,tabu_search,4,100.0,100.0,0.0,0.0,0,0.0,21,21,21,0.1743611999991117
21,8,1.0,0.001,{0.34},False,tabu_search,0,100.0,100.0,0.0,0.0,0,0.0,21,21,21,0.14241739999852143
21,8,1.0,0.001,{0.34},False,tabu_search,1,100.0,100.0,0.0,0.0,0,0.0,21,21,21,0.1350996999972267
21,8,1.0,0.001,{0.34},False,tabu_search,2,100.0,100.0,0.0,0.0,0,0.0,21,21,21,0.14108800000394695
21,8,1.0,0.001,{0.34},False,tabu_search,3,100.0,100.0,0.0,0.0,0,0.0,21,21,21,0.14090689999284223
21,8,1.0,0.001,{0.34},False,tabu_search,4,100.0,100.0,0.0,0.0,0,0.0,21,21,21,0.13779100000101607
21,8,1.0,0.001,{0.34},True,tabu_search,0,100.0,100.0,0.0,0.0,0,0.0,21,21,21,0.14044270000886172
21,8,1.0,0.001,{0.34},True,tabu_search,1,100.0,100.0,0.0,0.0,0,0.0,21,21,21,0.14689849999558646
21,8,1.0,0.001,{0.34},True,tabu_search,2,100.0,100.0,0.0,0.0,0,0.0,21,21,21,0.14071369999146555
21,8,1.0,0.001,{0.34},True,tabu_search,3,100.0,100.0,0.0,0.0,0,0.0,21,21,21,0.18192760000238195
21,8,1.0,0.001,{0.34},True,tabu_search,4,100.0,100.0,0.0,0.0,0,0.0,21,21,21,0.1388306000008015
22,8,0.0,0.001,{0.34},False,tabu_search,0,100.0,100.0,0.0,0.0,0,0.0,22,22,22,0.1461120000021765
22,8,0.0,0.001,{0.34},False,tabu_search,1,100.0,100.0,0.0,0.0,0,0.0,22,22,22,0.14889100000436883
22,8,0.0,0.001,{0.34},False,tabu_search,2,100.0,100.0,0.0,0.0,0,0.0,22,22,22,0.14701810000406113
22,8,0.0,0.001,{0.34},False,tabu_search,3,100.0,100.0,0.0,0.0,0,0.0,22,22,22,0.1589654999988852
22,8,0.0,0.001,{0.34},False,tabu_search,4,100.0,100.0,0.0,0.0,0,0.0,22,22,22,0.14471579999371897
22,8,0.0,0.001,{0.34},True,tabu_search,0,100.0,100.0,0.0,0.0,0,0.0,22,22,22,0.144466999990982
22,8,0.0,0.001,{0.34},True,tabu_search,1,100.0,100.0,0.0,0.0,0,0.0,22,22,22,0.18179499999678228
22,8,0.0,0.001,{0.34},True,tabu_search,2,100.0,100.0,0.0,0.0,0,0.0,22,22,22,0.14888870000140741
22,8,0.0,0.001,{0.34},True,tabu_search,3,100.0,100.0,0.0,0.0,0,0.0,22,22,22,0.14445340000384022
22,8,0.0,0.001,{0.34},True,tabu_search,4,100.0,100.0,0.0,0.0,0,0.0,22,22,22,0.14389870000013616
22,8,0.2,0.001,{0.34},False,tabu_search,0,100.0,100.0,0.0,0.0,0,0.0,22,22,22,0.1431148999981815
22,8,0.2,0.001,{0.34},False,tabu_search,1,100.0,100.0,0.0,0.0,0,0.0,22,22,22,0.14235660000122152
22,8,0.2,0.001,{0.34},False,tabu_search,2,100.0,100.0,0.0,0.0,0,0.0,22,22,22,0.15786459999799263
22,8,0.2,0.001,{0.34},False,tabu_search,3,100.0,100.0,0.0,0.0,0,0.0,22,22,22,0.140317800003686
22,8,0.2,0.001,{0.34},False,tabu_search,4,100.0,100.0,0.0,0.0,0,0.0,22,22,22,0.17890500000794418
22,8,0.2,0.001,{0.34},True,tabu_search,0,100.0,100.0,0.0,0.0,0,0.0,22,22,22,0.14747939999506343
22,8,0.2,0.001,{0.34},True,tabu_search,1,100.0,100.0,0.0,0.0,0,0.0,22,22,22,0.1427934999956051
22,8,0.2,0.001,{0.34},True,tabu_search,2,100.0,100.0,0.0,0.0,0,0.0,22,22,22,0.14203099999576807
22,8,0.2,0.001,{0.34},True,tabu_search,3,100.0,100.0,0.0,0.0,0,0.0,22,22,22,0.14144029999442864
22,8,0.2,0.001,{0.34},True,tabu_search,4,100.0,100.0,0.0,0.0,0,0.0,22,22,22,0.14565510000102222
22,8,0.4,0.001,{0.34},False,tabu_search,0,100.0,100.0,0.0,0.0,0,0.0,22,22,22,0.15453200000047218
22,8,0.4,0.001,{0.34},False,tabu_search,1,100.0,100.0,0.0,0.0,0,0.0,22,22,22,0.18057499999122228
22,8,0.4,0.001,{0.34},False,tabu_search,2,100.0,100.0,0.0,0.0,0,0.0,22,22,22,0.14169679999758955
22,8,0.4,0.001,{0.34},False,tabu_search,3,100.0,100.0,0.0,0.0,0,0.0,22,22,22,0.1437971999985166
22,8,0.4,0.001,{0.34},False,tabu_search,4,100.0,100.0,0.0,0.0,0,0.0,22,22,22,0.14327070000581443
22,8,0.4,0.001,{0.34},True,tabu_search,0,100.0,100.0,0.0,0.0,0,0.0,22,22,22,0.145683700000518
22,8,0.4,0.001,{0.34},True,tabu_search,1,100.0,100.0,0.0,0.0,0,0.0,22,22,22,0.1419711000053212
22,8,0.4,0.001,{0.34},True,tabu_search,2,100.0,100.0,0.0,0.0,0,0.0,22,22,22,0.14438339999469463
22,8,0.4,0.001,{0.34},True,tabu_search,3,100.0,100.0,0.0,0.0,0,0.0,22,22,22,0.1435773999983212
22,8,0.4,0.001,{0.34},True,tabu_search,4,100.0,100.0,0.0,0.0,0,0.0,22,22,22,0.19606400000338908
22,8,0.8,0.001,{0.34},False,tabu_search,0,100.0,100.0,0.0,0.0,0,0.0,22,22,22,0.14477069998974912
22,8,0.8,0.001,{0.34},False,tabu_search,1,100.0,100.0,0.0,0.0,0,0.0,22,22,22,0.14689039999211673
22,8,0.8,0.001,{0.34},False,tabu_search,2,100.0,100.0,0.0,0.0,0,0.0,22,22,22,0.15046499999880325
22,8,0.8,0.001,{0.34},False,tabu_search,3,100.0,100.0,0.0,0.0,0,0.0,22,22,22,0.1536138000083156
22,8,0.8,0.001,{0.34},False,tabu_search,4,100.0,100.0,0.0,0.0,0,0.0,22,22,22,0.1491876000072807
22,8,0.8,0.001,{0.34},True,tabu_search,0,100.0,100.0,0.0,0.0,0,0.0,22,22,22,0.15061729999433737
22,8,0.8,0.001,{0.34},True,tabu_search,1,100.0,100.0,0.0,0.0,0,0.0,22,22,22,0.1491057999955956
22,8,0.8,0.001,{0.34},True,tabu_search,2,100.0,100.0,0.0,0.0,0,0.0,22,22,22,0.18805699999211356
22,8,0.8,0.001,{0.34},True,tabu_search,3,100.0,100.0,0.0,0.0,0,0.0,22,22,22,0.14049289999820758
22,8,0.8,0.001,{0.34},True,tabu_search,4,100.0,100.0,0.0,0.0,0,0.0,22,22,22,0.15854990000661928
22,8,1.0,0.001,{0.34},False,tabu_search,0,100.0,100.0,0.0,0.0,0,0.0,22,22,22,0.14906250000058208
22,8,1.0,0.001,{0.34},False,tabu_search,1,100.0,100.0,0.0,0.0,0,0.0,22,22,22,0.15228289998776745
22,8,1.0,0.001,{0.34},False,tabu_search,2,100.0,100.0,0.0,0.0,0,0.0,22,22,22,0.14737449999665841
22,8,1.0,0.001,{0.34},False,tabu_search,3,100.0,100.0,0.0,0.0,0,0.0,22,22,22,0.14285709999967366
22,8,1.0,0.001,{0.34},False,tabu_search,4,100.0,100.0,0.0,0.0,0,0.0,22,22,22,0.1462502000067616
22,8,1.0,0.001,{0.34},True,tabu_search,0,100.0,100.0,0.0,0.0,0,0.0,22,22,22,0.20387329999357462
22,8,1.0,0.001,{0.34},True,tabu_search,1,100.0,100.0,0.0,0.0,0,0.0,22,22,22,0.14935320000222418
22,8,1.0,0.001,{0.34},True,tabu_search,2,100.0,100.0,0.0,0.0,0,0.0,22,22,22,0.14249389999895357
22,8,1.0,0.001,{0.34},True,tabu_search,3,100.0,100.0,0.0,0.0,0,0.0,22,22,22,0.14217969999299385
22,8,1.0,0.001,{0.34},True,tabu_search,4,100.0,100.0,0.0,0.0,0,0.0,22,22,22,0.1457702000043355
23,8,0.0,0.001,{0.34},False,tabu_search,0,100.0,100.0,0.0,0.0,0,0.0,23,23,23,0.15137399999366608
23,8,0.0,0.001,{0.34},False,tabu_search,1,100.0,100.0,0.0,0.0,0,0.0,23,23,23,0.16722619999200106
23,8,0.0,0.001,{0.34},False,tabu_search,2,100.0,100.0,0.0,0.0,0,0.0,23,23,23,0.15211170000839047
23,8,0.0,0.001,{0.34},False,tabu_search,3,100.0,100.0,0.0,0.0,0,0.0,23,23,23,0.18406949999916833
23,8,0.0,0.001,{0.34},False,tabu_search,4,100.0,100.0,0.0,0.0,0,0.0,23,23,23,0.15506160000222735
23,8,0.0,0.001,{0.34},True,tabu_search,0,100.0,100.0,0.0,0.0,0,0.0,23,23,23,0.15490010000939947
23,8,0.0,0.001,{0.34},True,tabu_search,1,100.0,100.0,0.0,0.0,0,0.0,23,23,23,0.15444640000350773
23,8,0.0,0.001,{0.34},True,tabu_search,2,100.0,100.0,0.0,0.0,0,0.0,23,23,23,0.15300969999225345
23,8,0.0,0.001,{0.34},True,tabu_search,3,100.0,100.0,0.0,0.0,0,0.0,23,23,23,0.15008799999486655
23,8,0.0,0.001,{0.34},True,tabu_search,4,100.0,100.0,0.0,0.0,0,0.0,23,23,23,0.14859440000145696
23,8,0.2,0.001,{0.34},False,tabu_search,0,100.0,100.0,0.0,0.0,0,0.0,23,23,23,0.1998254999925848
23,8,0.2,0.001,{0.34},False,tabu_search,1,100.0,100.0,0.0,0.0,0,0.0,23,23,23,0.14962260000174865
23,8,0.2,0.001,{0.34},False,tabu_search,2,100.0,100.0,0.0,0.0,0,0.0,23,23,23,0.14998880001076031
23,8,0.2,0.001,{0.34},False,tabu_search,3,100.0,100.0,0.0,0.0,0,0.0,23,23,23,0.14845409999543335
23,8,0.2,0.001,{0.34},False,tabu_search,4,100.0,100.0,0.0,0.0,0,0.0,23,23,23,0.14661129999149125
23,8,0.2,0.001,{0.34},True,tabu_search,0,100.0,100.0,0.0,0.0,0,0.0,23,23,23,0.15072640001017135
23,8,0.2,0.001,{0.34},True,tabu_search,1,100.0,100.0,0.0,0.0,0,0.0,23,23,23,0.15098580000631046
23,8,0.2,0.001,{0.34},True,tabu_search,2,100.0,100.0,0.0,0.0,0,0.0,23,23,23,0.18969729999662377
23,8,0.2,0.001,{0.34},True,tabu_search,3,100.0,100.0,0.0,0.0,0,0.0,23,23,23,0.1492473000107566
23,8,0.2,0.001,{0.34},True,tabu_search,4,100.0,100.0,0.0,0.0,0,0.0,23,23,23,0.15015820000553504
23,8,0.4,0.001,{0.34},False,tabu_search,0,100.0,100.0,0.0,0.0,0,0.0,23,23,23,0.15080270000908058
23,8,0.4,0.001,{0.34},False,tabu_search,1,100.0,100.0,0.0,0.0,0,0.0,23,23,23,0.15293080000265036
23,8,0.4,0.001,{0.34},False,tabu_search,2,100.0,100.0,0.0,0.0,0,0.0,23,23,23,0.16704410000238568
23,8,0.4,0.001,{0.34},False,tabu_search,3,100.0,100.0,0.0,0.0,0,0.0,23,23,23,0.15189940000709612
23,8,0.4,0.001,{0.34},False,tabu_search,4,100.0,100.0,0.0,0.0,0,0.0,23,23,23,0.15050309999787714
23,8,0.4,0.001,{0.34},True,tabu_search,0,100.0,100.0,0.0,0.0,0,0.0,23,23,23,0.18843330000527203
23,8,0.4,0.001,{0.34},True,tabu_search,1,100.0,100.0,0.0,0.0,0,0.0,23,23,23,0.15063459999510087
23,8,0.4,0.001,{0.34},True,tabu_search,2,100.0,100.0,0.0,0.0,0,0.0,23,23,23,0.14714159999857657
23,8,0.4,0.001,{0.34},True,tabu_search,3,100.0,100.0,0.0,0.0,0,0.0,23,23,23,0.15062739999848418
23,8,0.4,0.001,{0.34},True,tabu_search,4,100.0,100.0,0.0,0.0,0,0.0,23,23,23,0.14698849999695085
23,8,0.8,0.001,{0.34},False,tabu_search,0,100.0,100.0,0.0,0.0,0,0.0,23,23,23,0.1490542999963509
23,8,0.8,0.001,{0.34},False,tabu_search,1,100.0,100.0,0.0,0.0,0,0.0,23,23,23,0.15305139998963568
23,8,0.8,0.001,{0.34},False,tabu_search,2,100.0,100.0,0.0,0.0,0,0.0,23,23,23,0.18103680000058375
23,8,0.8,0.001,{0.34},False,tabu_search,3,100.0,100.0,0.0,0.0,0,0.0,23,23,23,0.15645940000831615
23,8,0.8,0.001,{0.34},False,tabu_search,4,100.0,100.0,0.0,0.0,0,0.0,23,23,23,0.15786190000653733
23,8,0.8,0.001,{0.34},True,tabu_search,0,100.0,100.0,0.0,0.0,0,0.0,23,23,23,0.1594790999952238
23,8,0.8,0.001,{0.34},True,tabu_search,1,100.0,100.0,0.0,0.0,0,0.0,23,23,23,0.15102499999920838
23,8,0.8,0.001,{0.34},True,tabu_search,2,100.0,100.0,0.0,0.0,0,0.0,23,23,23,0.15072030000737868
23,8,0.8,0.001,{0.34},True,tabu_search,3,100.0,100.0,0.0,0.0,0,0.0,23,23,23,0.14834369999880437
23,8,0.8,0.001,{0.34},True,tabu_search,4,100.0,100.0,0.0,0.0,0,0.0,23,23,23,0.19946849999541882
23,8,1.0,0.001,{0.34},False,tabu_search,0,100.0,100.0,0.0,0.0,0,0.0,23,23,23,0.15105339999718126
23,8,1.0,0.001,{0.34},False,tabu_search,1,100.0,100.0,0.0,0.0,0,0.0,23,23,23,0.15241160000732634
23,8,1.0,0.001,{0.34},False,tabu_search,2,100.0,100.0,0.0,0.0,0,0.0,23,23,23,0.15120690000185277
23,8,1.0,0.001,{0.34},False,tabu_search,3,100.0,100.0,0.0,0.0,0,0.0,23,23,23,0.1488130999932764
23,8,1.0,0.001,{0.34},False,tabu_search,4,100.0,100.0,0.0,0.0,0,0.0,23,23,23,0.16326000000117347
23,8,1.0,0.001,{0.34},True,tabu_search,0,100.0,100.0,0.0,0.0,0,0.0,23,23,23,0.14845290000084788
23,8,1.0,0.001,{0.34},True,tabu_search,1,100.0,100.0,0.0,0.0,0,0.0,23,23,23,0.15275900000415277
23,8,1.0,0.001,{0.34},True,tabu_search,2,100.0,100.0,0.0,0.0,0,0.0,23,23,23,0.18554130000120495
23,8,1.0,0.001,{0.34},True,tabu_search,3,100.0,100.0,0.0,0.0,0,0.0,23,23,23,0.15552829999069218
23,8,1.0,0.001,{0.34},True,tabu_search,4,100.0,100.0,0.0,0.0,0,0.0,23,23,23,0.15115920000243932
24,8,0.0,0.001,{0.34},False,tabu_search,0,100.0,100.0,0.0,0.0,0,0.0,24,24,24,0.16209179999714252
24,8,0.0,0.001,{0.34},False,tabu_search,1,100.0,100.0,0.0,0.0,0,0.0,24,24,24,0.1645625000091968
24,8,0.0,0.001,{0.34},False,tabu_search,2,100.0,100.0,0.0,0.0,0,0.0,24,24,24,0.1687633000110509
24,8,0.0,0.001,{0.34},False,tabu_search,3,100.0,100.0,0.0,0.0,0,0.0,24,24,24,0.1592038000089815
24,8,0.0,0.001,{0.34},False,tabu_search,4,100.0,100.0,0.0,0.0,0,0.0,24,24,24,0.19708790000004228
24,8,0.0,0.001,{0.34},True,tabu_search,0,100.0,100.0,0.0,0.0,0,0.0,24,24,24,0.15631579999171663
24,8,0.0,0.001,{0.34},True,tabu_search,1,100.0,100.0,0.0,0.0,0,0.0,24,24,24,0.158646999989287
24,8,0.0,0.001,{0.34},True,tabu_search,2,100.0,100.0,0.0,0.0,0,0.0,24,24,24,0.1591404000064358
24,8,0.0,0.001,{0.34},True,tabu_search,3,100.0,100.0,0.0,0.0,0,0.0,24,24,24,0.15979459999653045
24,8,0.0,0.001,{0.34},True,tabu_search,4,100.0,100.0,0.0,0.0,0,0.0,24,24,24,0.16383330000098795
24,8,0.2,0.001,{0.34},False,tabu_search,0,100.0,100.0,0.0,0.0,0,0.0,24,24,24,0.16206980000424664
24,8,0.2,0.001,{0.34},False,tabu_search,1,100.0,100.0,0.0,0.0,0,0.0,24,24,24,0.21001059999980498
24,8,0.2,0.001,{0.34},False,tabu_search,2,100.0,100.0,0.0,0.0,0,0.0,24,24,24,0.16072680000797845
24,8,0.2,0.001,{0.34},False,tabu_search,3,100.0,100.0,0.0,0.0,0,0.0,24,24,24,0.1553247999981977
24,8,0.2,0.001,{0.34},False,tabu_search,4,100.0,100.0,0.0,0.0,0,0.0,24,24,24,0.15757660000235774
24,8,0.2,0.001,{0.34},True,tabu_search,0,100.0,100.0,0.0,0.0,0,0.0,24,24,24,0.15722869998717215
24,8,0.2,0.001,{0.34},True,tabu_search,1,100.0,100.0,0.0,0.0,0,0.0,24,24,24,0.15619929999229498
24,8,0.2,0.001,{0.34},True,tabu_search,2,100.0,100.0,0.0,0.0,0,0.0,24,24,24,0.16307769999548327
24,8,0.2,0.001,{0.34},True,tabu_search,3,100.0,100.0,0.0,0.0,0,0.0,24,24,24,0.19045829999959096
24,8,0.2,0.001,{0.34},True,tabu_search,4,100.0,100.0,0.0,0.0,0,0.0,24,24,24,0.16067340000881813
24,8,0.4,0.001,{0.34},False,tabu_search,0,100.0,100.0,0.0,0.0,0,0.0,24,24,24,0.17464450000261422
24,8,0.4,0.001,{0.34},False,tabu_search,1,100.0,100.0,0.0,0.0,0,0.0,24,24,24,0.1599461000005249
24,8,0.4,0.001,{0.34},False,tabu_search,2,100.0,100.0,0.0,0.0,0,0.0,24,24,24,0.16287250000459608
24,8,0.4,0.001,{0.34},False,tabu_search,3,100.0,100.0,0.0,0.0,0,0.0,24,24,24,0.15746810000564437
24,8,0.4,0.001,{0.34},False,tabu_search,4,100.0,100.0,0.0,0.0,0,0.0,24,24,24,0.16166169999632984
24,8,0.4,0.001,{0.34},True,tabu_search,0,100.0,100.0,0.0,0.0,0,0.0,24,24,24,0.19867040000099223
24,8,0.4,0.001,{0.34},True,tabu_search,1,100.0,100.0,0.0,0.0,0,0.0,24,24,24,0.1555308000097284
24,8,0.4,0.001,{0.34},True,tabu_search,2,100.0,100.0,0.0,0.0,0,0.0,24,24,24,0.1521879999927478
24,8,0.4,0.001,{0.34},True,tabu_search,3,100.0,100.0,0.0,0.0,0,0.0,24,24,24,0.1602009999915026
24,8,0.4,0.001,{0.34},True,tabu_search,4,100.0,100.0,0.0,0.0,0,0.0,24,24,24,0.15604549999989104
24,8,0.8,0.001,{0.34},False,tabu_search,0,100.0,100.0,0.0,0.0,0,0.0,24,24,24,0.15909159999864642
24,8,0.8,0.001,{0.34},False,tabu_search,1,100.0,100.0,0.0,0.0,0,0.0,24,24,24,0.1586304999946151
24,8,0.8,0.001,{0.34},False,tabu_search,2,100.0,100.0,0.0,0.0,0,0.0,24,24,24,0.20014139999693725
24,8,0.8,0.001,{0.34},False,tabu_search,3,100.0,100.0,0.0,0.0,0,0.0,24,24,24,0.17578230000799522
24,8,0.8,0.001,{0.34},False,tabu_search,4,100.0,100.0,0.0,0.0,0,0.0,24,24,24,0.1664253000053577
24,8,0.8,0.001,{0.34},True,tabu_search,0,100.0,100.0,0.0,0.0,0,0.0,24,24,24,0.16006280000146944
24,8,0.8,0.001,{0.34},True,tabu_search,1,100.0,100.0,0.0,0.0,0,0.0,24,24,24,0.16563719999976456
24,8,0.8,0.001,{0.34},True,tabu_search,2,100.0,100.0,0.0,0.0,0,0.0,24,24,24,0.16357019999122713
24,8,0.8,0.001,{0.34},True,tabu_search,3,100.0,100.0,0.0,0.0,0,0.0,24,24,24,0.16366829999606125
24,8,0.8,0.001,{0.34},True,tabu_search,4,100.0,100.0,0.0,0.0,0,0.0,24,24,24,0.2383382999978494
24,8,1.0,0.001,{0.34},False,tabu_search,0,100.0,100.0,0.0,0.0,0,0.0,24,24,24,0.16046229998755734
24,8,1.0,0.001,{0.34},False,tabu_search,1,100.0,100.0,0.0,0.0,0,0.0,24,24,24,0.161154199988232
24,8,1.0,0.001,{0.34},False,tabu_search,2,100.0,100.0,0.0,0.0,0,0.0,24,24,24,0.15885160000470933
24,8,1.0,0.001,{0.34},False,tabu_search,3,100.0,100.0,0.0,0.0,0,0.0,24,24,24,0.16268069999932777
24,8,1.0,0.001,{0.34},False,tabu_search,4,100.0,100.0,0.0,0.0,0,0.0,24,24,24,0.1624899999878835
24,8,1.0,0.001,{0.34},True,tabu_search,0,100.0,100.0,0.0,0.0,0,0.0,24,24,24,0.16775559999223333
24,8,1.0,0.001,{0.34},True,tabu_search,1,100.0,100.0,0.0,0.0,0,0.0,24,24,24,0.20387789999949746
24,8,1.0,0.001,{0.34},True,tabu_search,2,100.0,100.0,0.0,0.0,0,0.0,24,24,24,0.15883910001139157
24,8,1.0,0.001,{0.34},True,tabu_search,3,100.0,100.0,0.0,0.0,0,0.0,24,24,24,0.155690899991896
24,8,1.0,0.001,{0.34},True,tabu_search,4,100.0,100.0,0.0,0.0,0,0.0,24,24,24,0.15745410000090487
25,8,0.0,0.001,{0.34},False,tabu_search,0,100.0,100.0,0.0,0.0,0,0.0,25,25,25,0.16084119999140967
25,8,0.0,0.001,{0.34},False,tabu_search,1,100.0,100.0,0.0,0.0,0,0.0,25,25,25,0.16668890000437386
25,8,0.0,0.001,{0.34},False,tabu_search,2,100.0,100.0,0.0,0.0,0,0.0,25,25,25,0.17113659999449737
25,8,0.0,0.001,{0.34},False,tabu_search,3,100.0,100.0,0.0,0.0,0,0.0,25,25,25,0.20429779999540187
25,8,0.0,0.001,{0.34},False,tabu_search,4,100.0,100.0,0.0,0.0,0,0.0,25,25,25,0.16934089999995194
25,8,0.0,0.001,{0.34},True,tabu_search,0,100.0,100.0,0.0,0.0,0,0.0,25,25,25,0.1724627999938093
25,8,0.0,0.001,{0.34},True,tabu_search,1,100.0,100.0,0.0,0.0,0,0.0,25,25,25,0.1624710000032792
25,8,0.0,0.001,{0.34},True,tabu_search,2,100.0,100.0,0.0,0.0,0,0.0,25,25,25,0.16699169999628793
25,8,0.0,0.001,{0.34},True,tabu_search,3,100.0,100.0,0.0,0.0,0,0.0,25,25,25,0.16388230001030024
25,8,0.0,0.001,{0.34},True,tabu_search,4,100.0,100.0,0.0,0.0,0,0.0,25,25,25,0.20686730000306852
25,8,0.2,0.001,{0.34},False,tabu_search,0,100.0,100.0,0.0,0.0,0,0.0,25,25,25,0.16561799999908544
25,8,0.2,0.001,{0.34},False,tabu_search,1,100.0,100.0,0.0,0.0,0,0.0,25,25,25,0.16801459999987856
25,8,0.2,0.001,{0.34},False,tabu_search,2,100.0,100.0,0.0,0.0,0,0.0,25,25,25,0.17239059999701567
25,8,0.2,0.001,{0.34},False,tabu_search,3,100.0,100.0,0.0,0.0,0,0.0,25,25,25,0.16914270000415854
25,8,0.2,0.001,{0.34},False,tabu_search,4,100.0,100.0,0.0,0.0,0,0.0,25,25,25,0.16082469999673776
25,8,0.2,0.001,{0.34},True,tabu_search,0,100.0,100.0,0.0,0.0,0,0.0,25,25,25,0.16587179999623913
25,8,0.2,0.001,{0.34},True,tabu_search,1,100.0,100.0,0.0,0.0,0,0.0,25,25,25,0.20982509999885224
25,8,0.2,0.001,{0.34},True,tabu_search,2,100.0,100.0,0.0,0.0,0,0.0,25,25,25,0.18865240000013728
25,8,0.2,0.001,{0.34},True,tabu_search,3,100.0,100.0,0.0,0.0,0,0.0,25,25,25,0.17390350000641774
25,8,0.2,0.001,{0.34},True,tabu_search,4,100.0,100.0,0.0,0.0,0,0.0,25,25,25,0.16322570000193082
25,8,0.4,0.001,{0.34},False,tabu_search,0,100.0,100.0,0.0,0.0,0,0.0,25,25,25,0.1716041000036057
25,8,0.4,0.001,{0.34},False,tabu_search,1,100.0,100.0,0.0,0.0,0,0.0,25,25,25,0.16650550000485964
25,8,0.4,0.001,{0.34},False,tabu_search,2,100.0,100.0,0.0,0.0,0,0.0,25,25,25,0.207705500011798
25,8,0.4,0.001,{0.34},False,tabu_search,3,100.0,100.0,0.0,0.0,0,0.0,25,25,25,0.18237669998779893
25,8,0.4,0.001,{0.34},False,tabu_search,4,100.0,100.0,0.0,0.0,0,0.0,25,25,25,0.17609179999271873
25,8,0.4,0.001,{0.34},True,tabu_search,0,100.0,100.0,0.0,0.0,0,0.0,25,25,25,0.18552880000788718
25,8,0.4,0.001,{0.34},True,tabu_search,1,100.0,100.0,0.0,0.0,0,0.0,25,25,25,0.1633938000013586
25,8,0.4,0.001,{0.34},True,tabu_search,2,100.0,100.0,0.0,0.0,0,0.0,25,25,25,0.20846790001087356
25,8,0.4,0.001,{0.34},True,tabu_search,3,100.0,100.0,0.0,0.0,0,0.0,25,25,25,0.1781456999888178
25,8,0.4,0.001,{0.34},True,tabu_search,4,100.0,100.0,0.0,0.0,0,0.0,25,25,25,0.22747830000298563
25,8,0.8,0.001,{0.34},False,tabu_search,0,100.0,100.0,0.0,0.0,0,0.0,25,25,25,0.17701189999934286
25,8,0.8,0.001,{0.34},False,tabu_search,1,100.0,100.0,0.0,0.0,0,0.0,25,25,25,0.1711875000037253
25,8,0.8,0.001,{0.34},False,tabu_search,2,100.0,100.0,0.0,0.0,0,0.0,25,25,25,0.1764644000068074
25,8,0.8,0.001,{0.34},False,tabu_search,3,100.0,100.0,0.0,0.0,0,0.0,25,25,25,0.1942991000105394
25,8,0.8,0.001,{0.34},False,tabu_search,4,100.0,100.0,0.0,0.0,0,0.0,25,25,25,0.20673299999907613
25,8,0.8,0.001,{0.34},True,tabu_search,0,100.0,100.0,0.0,0.0,0,0.0,25,25,25,0.19901029999891762
25,8,0.8,0.001,{0.34},True,tabu_search,1,100.0,100.0,0.0,0.0,0,0.0,25,25,25,0.20964169999933802
25,8,0.8,0.001,{0.34},True,tabu_search,2,100.0,100.0,0.0,0.0,0,0.0,25,25,25,0.197298300001421
25,8,0.8,0.001,{0.34},True,tabu_search,3,100.0,100.0,0.0,0.0,0,0.0,25,25,25,0.17803840000124183
25,8,0.8,0.001,{0.34},True,tabu_search,4,100.0,100.0,0.0,0.0,0,0.0,25,25,25,0.17752850000397302
25,8,1.0,0.001,{0.34},False,tabu_search,0,100.0,100.0,0.0,0.0,0,0.0,25,25,25,0.1928976000053808
25,8,1.0,0.001,{0.34},False,tabu_search,1,100.0,100.0,0.0,0.0,0,0.0,25,25,25,0.17281439999351278
25,8,1.0,0.001,{0.34},False,tabu_search,2,100.0,100.0,0.0,0.0,0,0.0,25,25,25,0.16486459999578074
25,8,1.0,0.001,{0.34},False,tabu_search,3,100.0,100.0,0.0,0.0,0,0.0,25,25,25,0.21867590000329074
25,8,1.0,0.001,{0.34},False,tabu_search,4,100.0,100.0,0.0,0.0,0,0.0,25,25,25,0.16988080000737682
25,8,1.0,0.001,{0.34},True,tabu_search,0,100.0,100.0,0.0,0.0,0,0.0,25,25,25,0.17642510001314804
25,8,1.0,0.001,{0.34},True,tabu_search,1,100.0,100.0,0.0,0.0,0,0.0,25,25,25,0.19100819999584928
25,8,1.0,0.001,{0.34},True,tabu_search,2,100.0,100.0,0.0,0.0,0,0.0,25,25,25,0.19029490000684746
25,8,1.0,0.001,{0.34},True,tabu_search,3,100.0,100.0,0.0,0.0,0,0.0,25,25,25,0.21542690000205766
25,8,1.0,0.001,{0.34},True,tabu_search,4,100.0,100.0,0.0,0.0,0,0.0,25,25,25,0.2183171999931801
26,8,0.0,0.001,{0.34},False,tabu_search,0,100.0,100.0,0.0,0.0,0,0.0,26,26,26,0.32237320000422187
26,8,0.0,0.001,{0.34},False,tabu_search,1,100.0,100.0,0.0,0.0,0,0.0,26,26,26,0.20218240001122467
26,8,0.0,0.001,{0.34},False,tabu_search,2,100.0,100.0,0.0,0.0,0,0.0,26,26,26,0.17991560000518803
26,8,0.0,0.001,{0.34},False,tabu_search,3,100.0,100.0,0.0,0.0,0,0.0,26,26,26,0.17456159999710508
26,8,0.0,0.001,{0.34},False,tabu_search,4,100.0,100.0,0.0,0.0,0,0.0,26,26,26,0.175552599990624
26,8,0.0,0.001,{0.34},True,tabu_search,0,100.0,100.0,0.0,0.0,0,0.0,26,26,26,0.19571120000910014
26,8,0.0,0.001,{0.34},True,tabu_search,1,100.0,100.0,0.0,0.0,0,0.0,26,26,26,0.22516040000482462
26,8,0.0,0.001,{0.34},True,tabu_search,2,100.0,100.0,0.0,0.0,0,0.0,26,26,26,0.1842006999941077
26,8,0.0,0.001,{0.34},True,tabu_search,3,100.0,100.0,0.0,0.0,0,0.0,26,26,26,0.18375070000183769
26,8,0.0,0.001,{0.34},True,tabu_search,4,100.0,100.0,0.0,0.0,0,0.0,26,26,26,0.1931994000042323
26,8,0.2,0.001,{0.34},False,tabu_search,0,100.0,100.0,0.0,0.0,0,0.0,26,26,26,0.18523469999490771
26,8,0.2,0.001,{0.34},False,tabu_search,1,100.0,100.0,0.0,0.0,0,0.0,26,26,26,0.1727664000063669
26,8,0.2,0.001,{0.34},False,tabu_search,2,100.0,100.0,0.0,0.0,0,0.0,26,26,26,0.2139171000017086
26,8,0.2,0.001,{0.34},False,tabu_search,3,100.0,100.0,0.0,0.0,0,0.0,26,26,26,0.2229771999991499
26,8,0.2,0.001,{0.34},False,tabu_search,4,100.0,100.0,0.0,0.0,0,0.0,26,26,26,0.2202910000050906
26,8,0.2,0.001,{0.34},True,tabu_search,0,100.0,100.0,0.0,0.0,0,0.0,26,26,26,0.20237359999737237
26,8,0.2,0.001,{0.34},True,tabu_search,1,100.0,100.0,0.0,0.0,0,0.0,26,26,26,0.16864210000494495
26,8,0.2,0.001,{0.34},True,tabu_search,2,100.0,100.0,0.0,0.0,0,0.0,26,26,26,0.16449179999472108
26,8,0.2,0.001,{0.34},True,tabu_search,3,100.0,100.0,0.0,0.0,0,0.0,26,26,26,0.20176369999535382
26,8,0.2,0.001,{0.34},True,tabu_search,4,100.0,100.0,0.0,0.0,0,0.0,26,26,26,0.1829843999876175
26,8,0.4,0.001,{0.34},False,tabu_search,0,100.0,100.0,0.0,0.0,0,0.0,26,26,26,0.17402319998655003
26,8,0.4,0.001,{0.34},False,tabu_search,1,100.0,100.0,0.0,0.0,0,0.0,26,26,26,0.1786260999942897
26,8,0.4,0.001,{0.34},False,tabu_search,2,100.0,100.0,0.0,0.0,0,0.0,26,26,26,0.18813199999567587
26,8,0.4,0.001,{0.34},False,tabu_search,3,100.0,100.0,0.0,0.0,0,0.0,26,26,26,0.17450300000200514
26,8,0.4,0.001,{0.34},False,tabu_search,4,100.0,100.0,0.0,0.0,0,0.0,26,26,26,0.22954609998851083
26,8,0.4,0.001,{0.34},True,tabu_search,0,100.0,100.0,0.0,0.0,0,0.0,26,26,26,0.1836256999959005
26,8,0.4,0.001,{0.34},True,tabu_search,1,100.0,100.0,0.0,0.0,0,0.0,26,26,26,0.16389759999583475
26,8,0.4,0.001,{0.34},True,tabu_search,2,100.0,100.0,0.0,0.0,0,0.0,26,26,26,0.16610909999872092
26,8,0.4,0.001,{0.34},True,tabu_search,3,100.0,100.0,0.0,0.0,0,0.0,26,26,26,0.16847930000221822
26,8,0.4,0.001,{0.34},True,tabu_search,4,100.0,100.0,0.0,0.0,0,0.0,26,26,26,0.21974570000020321
26,8,0.8,0.001,{0.34},False,tabu_search,0,100.0,100.0,0.0,0.0,0,0.0,26,26,26,0.19424880000588018
26,8,0.8,0.001,{0.34},False,tabu_search,1,100.0,100.0,0.0,0.0,0,0.0,26,26,26,0.2141606000077445
26,8,0.8,0.001,{0.34},False,tabu_search,2,100.0,100.0,0.0,0.0,0,0.0,26,26,26,0.18117539999366272
26,8,0.8,0.001,{0.34},False,tabu_search,3,100.0,100.0,0.0,0.0,0,0.0,26,26,26,0.1810641000047326
26,8,0.8,0.001,{0.34},False,tabu_search,4,100.0,100.0,0.0,0.0,0,0.0,26,26,26,0.18110190000152215
26,8,0.8,0.001,{0.34},True,tabu_search,0,100.0,100.0,0.0,0.0,0,0.0,26,26,26,0.1936405000014929
26,8,0.8,0.001,{0.34},True,tabu_search,1,100.0,100.0,0.0,0.0,0,0.0,26,26,26,0.2004644999979064
26,8,0.8,0.001,{0.34},True,tabu_search,2,100.0,100.0,0.0,0.0,0,0.0,26,26,26,0.22480899999209214
26,8,0.8,0.001,{0.34},True,tabu_search,3,100.0,100.0,0.0,0.0,0,0.0,26,26,26,0.16916599999240134
26,8,0.8,0.001,{0.34},True,tabu_search,4,100.0,100.0,0.0,0.0,0,0.0,26,26,26,0.19232050000573508
26,8,1.0,0.001,{0.34},False,tabu_search,0,100.0,100.0,0.0,0.0,0,0.0,26,26,26,0.20187400000577327
26,8,1.0,0.001,{0.34},False,tabu_search,1,100.0,100.0,0.0,0.0,0,0.0,26,26,26,0.17989379999926314
26,8,1.0,0.001,{0.34},False,tabu_search,2,100.0,100.0,0.0,0.0,0,0.0,26,26,26,0.18028900001081638
26,8,1.0,0.001,{0.34},False,tabu_search,3,100.0,100.0,0.0,0.0,0,0.0,26,26,26,0.18250380000972655
26,8,1.0,0.001,{0.34},False,tabu_search,4,100.0,100.0,0.0,0.0,0,0.0,26,26,26,0.22628259999328293
26,8,1.0,0.001,{0.34},True,tabu_search,0,100.0,100.0,0.0,0.0,0,0.0,26,26,26,0.2016321999981301
26,8,1.0,0.001,{0.34},True,tabu_search,1,100.0,100.0,0.0,0.0,0,0.0,26,26,26,0.17034630000125617
26,8,1.0,0.001,{0.34},True,tabu_search,2,100.0,100.0,0.0,0.0,0,0.0,26,26,26,0.1684220000024652
26,8,1.0,0.001,{0.34},True,tabu_search,3,100.0,100.0,0.0,0.0,0,0.0,26,26,26,0.16619340000033844
26,8,1.0,0.001,{0.34},True,tabu_search,4,100.0,100.0,0.0,0.0,0,0.0,26,26,26,0.18835090000357013
27,8,0.0,0.001,{0.34},False,tabu_search,0,100.0,100.0,0.0,0.0,0,0.0,27,27,27,0.20890430000144988
27,8,0.0,0.001,{0.34},False,tabu_search,1,100.0,100.0,0.0,0.0,0,0.0,27,27,27,0.17820819999906234
27,8,0.0,0.001,{0.34},False,tabu_search,2,100.0,100.0,0.0,0.0,0,0.0,27,27,27,0.20154599999659695
27,8,0.0,0.001,{0.34},False,tabu_search,3,100.0,100.0,0.0,0.0,0,0.0,27,27,27,0.22645509999711066
27,8,0.0,0.001,{0.34},False,tabu_search,4,100.0,100.0,0.0,0.0,0,0.0,27,27,27,0.17759980000846554
27,8,0.0,0.001,{0.34},True,tabu_search,0,100.0,100.0,0.0,0.0,0,0.0,27,27,27,0.17365040000004228
27,8,0.0,0.001,{0.34},True,tabu_search,1,100.0,100.0,0.0,0.0,0,0.0,27,27,27,0.22449649999907706
27,8,0.0,0.001,{0.34},True,tabu_search,2,100.0,100.0,0.0,0.0,0,0.0,27,27,27,0.17689099999552127
27,8,0.0,0.001,{0.34},True,tabu_search,3,100.0,100.0,0.0,0.0,0,0.0,27,27,27,0.18703190000087488
27,8,0.0,0.001,{0.34},True,tabu_search,4,100.0,100.0,0.0,0.0,0,0.0,27,27,27,0.18084380000072997
27,8,0.2,0.001,{0.34},False,tabu_search,0,100.0,100.0,0.0,0.0,0,0.0,27,27,27,0.18824029999086633
27,8,0.2,0.001,{0.34},False,tabu_search,1,100.0,100.0,0.0,0.0,0,0.0,27,27,27,0.19307550000667106
27,8,0.2,0.001,{0.34},False,tabu_search,2,100.0,100.0,0.0,0.0,0,0.0,27,27,27,0.24333299999125302
27,8,0.2,0.001,{0.34},False,tabu_search,3,100.0,100.0,0.0,0.0,0,0.0,27,27,27,0.2752374999981839
27,8,0.2,0.001,{0.34},False,tabu_search,4,100.0,100.0,0.0,0.0,0,0.0,27,27,27,0.1913012000004528
27,8,0.2,0.001,{0.34},True,tabu_search,0,100.0,100.0,0.0,0.0,0,0.0,27,27,27,0.20187270001042634
27,8,0.2,0.001,{0.34},True,tabu_search,1,100.0,100.0,0.0,0.0,0,0.0,27,27,27,0.17590349999954924
27,8,0.2,0.001,{0.34},True,tabu_search,2,100.0,100.0,0.0,0.0,0,0.0,27,27,27,0.2904336999927182
27,8,0.2,0.001,{0.34},True,tabu_search,3,100.0,100.0,0.0,0.0,0,0.0,27,27,27,0.2168004999984987
27,8,0.2,0.001,{0.34},True,tabu_search,4,100.0,100.0,0.0,0.0,0,0.0,27,27,27,0.2124781000020448
27,8,0.4,0.001,{0.34},False,tabu_search,0,100.0,100.0,0.0,0.0,0,0.0,27,27,27,0.2020735000114655
27,8,0.4,0.001,{0.34},False,tabu_search,1,100.0,100.0,0.0,0.0,0,0.0,27,27,27,0.21991449999040924
27,8,0.4,0.001,{0.34},False,tabu_search,2,100.0,100.0,0.0,0.0,0,0.0,27,27,27,0.23439359999611042
27,8,0.4,0.001,{0.34},False,tabu_search,3,100.0,100.0,0.0,0.0,0,0.0,27,27,27,0.2546813000080874
27,8,0.4,0.001,{0.34},False,tabu_search,4,100.0,100.0,0.0,0.0,0,0.0,27,27,27,0.20929689999320544
27,8,0.4,0.001,{0.34},True,tabu_search,0,100.0,100.0,0.0,0.0,0,0.0,27,27,27,0.19116820000635926
27,8,0.4,0.001,{0.34},True,tabu_search,1,100.0,100.0,0.0,0.0,0,0.0,27,27,27,0.18985139999131206
27,8,0.4,0.001,{0.34},True,tabu_search,2,100.0,100.0,0.0,0.0,0,0.0,27,27,27,0.19021699999575503
27,8,0.4,0.001,{0.34},True,tabu_search,3,100.0,100.0,0.0,0.0,0,0.0,27,27,27,0.1967748000024585
27,8,0.4,0.001,{0.34},True,tabu_search,4,100.0,100.0,0.0,0.0,0,0.0,27,27,27,0.26580870000179857
27,8,0.8,0.001,{0.34},False,tabu_search,0,100.0,100.0,0.0,0.0,0,0.0,27,27,27,0.2051824999944074
27,8,0.8,0.001,{0.34},False,tabu_search,1,100.0,100.0,0.0,0.0,0,0.0,27,27,27,0.1945203999930527
27,8,0.8,0.001,{0.34},False,tabu_search,2,100.0,100.0,0.0,0.0,0,0.0,27,27,27,0.20301050000125542
27,8,0.8,0.001,{0.34},False,tabu_search,3,100.0,100.0,0.0,0.0,0,0.0,27,27,27,0.18151129999023397
27,8,0.8,0.001,{0.34},False,tabu_search,4,100.0,100.0,0.0,0.0,0,0.0,27,27,27,0.19935150000674184
27,8,0.8,0.001,{0.34},True,tabu_search,0,100.0,100.0,0.0,0.0,0,0.0,27,27,27,0.23738089999824297
27,8,0.8,0.001,{0.34},True,tabu_search,1,100.0,100.0,0.0,0.0,0,0.0,27,27,27,0.20021059999999125
27,8,0.8,0.001,{0.34},True,tabu_search,2,100.0,100.0,0.0,0.0,0,0.0,27,27,27,0.20443560001149308
27,8,0.8,0.001,{0.34},True,tabu_search,3,100.0,100.0,0.0,0.0,0,0.0,27,27,27,0.18954340000345837
27,8,0.8,0.001,{0.34},True,tabu_search,4,100.0,100.0,0.0,0.0,0,0.0,27,27,27,0.2018402999965474
27,8,1.0,0.001,{0.34},False,tabu_search,0,100.0,100.0,0.0,0.0,0,0.0,27,27,27,0.18531070000608452
27,8,1.0,0.001,{0.34},False,tabu_search,1,100.0,100.0,0.0,0.0,0,0.0,27,27,27,0.18690739999874495
27,8,1.0,0.001,{0.34},False,tabu_search,2,100.0,100.0,0.0,0.0,0,0.0,27,27,27,0.24095569999190047
27,8,1.0,0.001,{0.34},False,tabu_search,3,100.0,100.0,0.0,0.0,0,0.0,27,27,27,0.24765419999312144
27,8,1.0,0.001,{0.34},False,tabu_search,4,100.0,100.0,0.0,0.0,0,0.0,27,27,27,0.20469499999308027
27,8,1.0,0.001,{0.34},True,tabu_search,0,100.0,100.0,0.0,0.0,0,0.0,27,27,27,0.18681059998925775
27,8,1.0,0.001,{0.34},True,tabu_search,1,100.0,100.0,0.0,0.0,0,0.0,27,27,27,0.18867679999675602
27,8,1.0,0.001,{0.34},True,tabu_search,2,100.0,100.0,0.0,0.0,0,0.0,27,27,27,0.18301910000445787
27,8,1.0,0.001,{0.34},True,tabu_search,3,100.0,100.0,0.0,0.0,0,0.0,27,27,27,0.2264527000079397
27,8,1.0,0.001,{0.34},True,tabu_search,4,100.0,100.0,0.0,0.0,0,0.0,27,27,27,0.17443810000258964
28,8,0.0,0.001,{0.34},False,tabu_search,0,100.0,100.0,0.0,0.0,0,0.0,28,28,28,0.1949322000000393
28,8,0.0,0.001,{0.34},False,tabu_search,1,100.0,100.0,0.0,0.0,0,0.0,28,28,28,0.21649849999812432
28,8,0.0,0.001,{0.34},False,tabu_search,2,100.0,100.0,0.0,0.0,0,0.0,28,28,28,0.21060330000182148
28,8,0.0,0.001,{0.34},False,tabu_search,3,100.0,100.0,0.0,0.0,0,0.0,28,28,28,0.21176469999772962
28,8,0.0,0.001,{0.34},False,tabu_search,4,100.0,100.0,0.0,0.0,0,0.0,28,28,28,0.2523196999973152
28,8,0.0,0.001,{0.34},True,tabu_search,0,100.0,100.0,0.0,0.0,0,0.0,28,28,28,0.22119529999326915
28,8,0.0,0.001,{0.34},True,tabu_search,1,100.0,100.0,0.0,0.0,0,0.0,28,28,28,0.22695300000486895
28,8,0.0,0.001,{0.34},True,tabu_search,2,100.0,100.0,0.0,0.0,0,0.0,28,28,28,0.2145204999978887
28,8,0.0,0.001,{0.34},True,tabu_search,3,100.0,100.0,0.0,0.0,0,0.0,28,28,28,0.2101645000075223
28,8,0.0,0.001,{0.34},True,tabu_search,4,100.0,100.0,0.0,0.0,0,0.0,28,28,28,0.25317359999462496
28,8,0.2,0.001,{0.34},False,tabu_search,0,100.0,100.0,0.0,0.0,0,0.0,28,28,28,0.21691350000037346
28,8,0.2,0.001,{0.34},False,tabu_search,1,100.0,100.0,0.0,0.0,0,0.0,28,28,28,0.20732600000337698
28,8,0.2,0.001,{0.34},False,tabu_search,2,100.0,100.0,0.0,0.0,0,0.0,28,28,28,0.22678299999097362
28,8,0.2,0.001,{0.34},False,tabu_search,3,100.0,100.0,0.0,0.0,0,0.0,28,28,28,0.21071719999599736
28,8,0.2,0.001,{0.34},False,tabu_search,4,100.0,100.0,0.0,0.0,0,0.0,28,28,28,0.20650019998720381
28,8,0.2,0.001,{0.34},True,tabu_search,0,100.0,100.0,0.0,0.0,0,0.0,28,28,28,0.2637232999986736
28,8,0.2,0.001,{0.34},True,tabu_search,1,100.0,100.0,0.0,0.0,0,0.0,28,28,28,0.20281529999920167
28,8,0.2,0.001,{0.34},True,tabu_search,2,100.0,100.0,0.0,0.0,0,0.0,28,28,28,0.20166360000439454
28,8,0.2,0.001,{0.34},True,tabu_search,3,100.0,100.0,0.0,0.0,0,0.0,28,28,28,0.22900120000122115
28,8,0.2,0.001,{0.34},True,tabu_search,4,100.0,100.0,0.0,0.0,0,0.0,28,28,28,0.22338750000926666
28,8,0.4,0.001,{0.34},False,tabu_search,0,100.0,100.0,0.0,0.0,0,0.0,28,28,28,0.2519884999928763
28,8,0.4,0.001,{0.34},False,tabu_search,1,100.0,100.0,0.0,0.0,0,0.0,28,28,28,0.20577099999354687
28,8,0.4,0.001,{0.34},False,tabu_search,2,100.0,100.0,0.0,0.0,0,0.0,28,28,28,0.20312310000008438
28,8,0.4,0.001,{0.34},False,tabu_search,3,100.0,100.0,0.0,0.0,0,0.0,28,28,28,0.2115060999931302
28,8,0.4,0.001,{0.34},False,tabu_search,4,100.0,100.0,0.0,0.0,0,0.0,28,28,28,0.20675269998901058
28,8,0.4,0.001,{0.34},True,tabu_search,0,100.0,100.0,0.0,0.0,0,0.0,28,28,28,0.21484729999792762
28,8,0.4,0.001,{0.34},True,tabu_search,1,100.0,100.0,0.0,0.0,0,0.0,28,28,28,0.2716415000031702
28,8,0.4,0.001,{0.34},True,tabu_search,2,100.0,100.0,0.0,0.0,0,0.0,28,28,28,0.2118144999985816
28,8,0.4,0.001,{0.34},True,tabu_search,3,100.0,100.0,0.0,0.0,0,0.0,28,28,28,0.2097500000090804
28,8,0.4,0.001,{0.34},True,tabu_search,4,100.0,100.0,0.0,0.0,0,0.0,28,28,28,0.20786090000183322
28,8,0.8,0.001,{0.34},False,tabu_search,0,100.0,100.0,0.0,0.0,0,0.0,28,28,28,0.20785970000724774
28,8,0.8,0.001,{0.34},False,tabu_search,1,100.0,100.0,0.0,0.0,0,0.0,28,28,28,0.2435822000115877
28,8,0.8,0.001,{0.34},False,tabu_search,2,100.0,100.0,0.0,0.0,0,0.0,28,28,28,0.2027319000044372
28,8,0.8,0.001,{0.34},False,tabu_search,3,100.0,100.0,0.0,0.0,0,0.0,28,28,28,0.19691950001288205
28,8,0.8,0.001,{0.34},False,tabu_search,4,100.0,100.0,0.0,0.0,0,0.0,28,28,28,0.2269244999915827
28,8,0.8,0.001,{0.34},True,tabu_search,0,100.0,100.0,0.0,0.0,0,0.0,28,28,28,0.2135271000006469
28,8,0.8,0.001,{0.34},True,tabu_search,1,100.0,100.0,0.0,0.0,0,0.0,28,28,28,0.21364049999101553
28,8,0.8,0.001,{0.34},True,tabu_search,2,100.0,100.0,0.0,0.0,0,0.0,28,28,28,0.24642720000701956
28,8,0.8,0.001,{0.34},True,tabu_search,3,100.0,100.0,0.0,0.0,0,0.0,28,28,28,0.2004692999908002
28,8,0.8,0.001,{0.34},True,tabu_search,4,100.0,100.0,0.0,0.0,0,0.0,28,28,28,0.20148680001148023
28,8,1.0,0.001,{0.34},False,tabu_search,0,100.0,100.0,0.0,0.0,0,0.0,28,28,28,0.19947120000142604
28,8,1.0,0.001,{0.34},False,tabu_search,1,100.0,100.0,0.0,0.0,0,0.0,28,28,28,0.20518319999973755
28,8,1.0,0.001,{0.34},False,tabu_search,2,100.0,100.0,0.0,0.0,0,0.0,28,28,28,0.21428529999684542
28,8,1.0,0.001,{0.34},False,tabu_search,3,100.0,100.0,0.0,0.0,0,0.0,28,28,28,0.2595000000001164
28,8,1.0,0.001,{0.34},False,tabu_search,4,100.0,100.0,0.0,0.0,0,0.0,28,28,28,0.20197120000375435
28,8,1.0,0.001,{0.34},True,tabu_search,0,100.0,100.0,0.0,0.0,0,0.0,28,28,28,0.20380350000050385
28,8,1.0,0.001,{0.34},True,tabu_search,1,100.0,100.0,0.0,0.0,0,0.0,28,28,28,0.20179090001329314
28,8,1.0,0.001,{0.34},True,tabu_search,2,100.0,100.0,0.0,0.0,0,0.0,28,28,28,0.20704760000808164
28,8,1.0,0.001,{0.34},True,tabu_search,3,100.0,100.0,0.0,0.0,0,0.0,28,28,28,0.20134450000477955
28,8,1.0,0.001,{0.34},True,tabu_search,4,100.0,100.0,0.0,0.0,0,0.0,28,28,28,0.2495342000038363
29,8,0.0,0.001,{0.34},False,tabu_search,0,100.0,100.0,0.0,0.0,0,0.0,29,29,29,0.2301556000020355
29,8,0.0,0.001,{0.34},False,tabu_search,1,100.0,100.0,0.0,0.0,0,0.0,29,29,29,0.21913840000343043
29,8,0.0,0.001,{0.34},False,tabu_search,2,100.0,100.0,0.0,0.0,0,0.0,29,29,29,0.20862689999921713
29,8,0.0,0.001,{0.34},False,tabu_search,3,100.0,100.0,0.0,0.0,0,0.0,29,29,29,0.20573119999608025
29,8,0.0,0.001,{0.34},False,tabu_search,4,100.0,100.0,0.0,0.0,0,0.0,29,29,29,0.25116900001012255
29,8,0.0,0.001,{0.34},True,tabu_search,0,100.0,100.0,0.0,0.0,0,0.0,29,29,29,0.2062246999994386
29,8,0.0,0.001,{0.34},True,tabu_search,1,100.0,100.0,0.0,0.0,0,0.0,29,29,29,0.2042139999975916
29,8,0.0,0.001,{0.34},True,tabu_search,2,100.0,100.0,0.0,0.0,0,0.0,29,29,29,0.21027460000186693
29,8,0.0,0.001,{0.34},True,tabu_search,3,100.0,100.0,0.0,0.0,0,0.0,29,29,29,0.20167969999602064
29,8,0.0,0.001,{0.34},True,tabu_search,4,100.0,100.0,0.0,0.0,0,0.0,29,29,29,0.2847796999994898
29,8,0.2,0.001,{0.34},False,tabu_search,0,100.0,100.0,0.0,0.0,0,0.0,29,29,29,0.2125028000009479
29,8,0.2,0.001,{0.34},False,tabu_search,1,100.0,100.0,0.0,0.0,0,0.0,29,29,29,0.20591910000075586
29,8,0.2,0.001,{0.34},False,tabu_search,2,100.0,100.0,0.0,0.0,0,0.0,29,29,29,0.20609770000737626
29,8,0.2,0.001,{0.34},False,tabu_search,3,100.0,100.0,0.0,0.0,0,0.0,29,29,29,0.2161846999952104
29,8,0.2,0.001,{0.34},False,tabu_search,4,100.0,100.0,0.0,0.0,0,0.0,29,29,29,0.2578816999885021
29,8,0.2,0.001,{0.34},True,tabu_search,0,100.0,100.0,0.0,0.0,0,0.0,29,29,29,0.2291358000074979
29,8,0.2,0.001,{0.34},True,tabu_search,1,100.0,100.0,0.0,0.0,0,0.0,29,29,29,0.22075870000116993
29,8,0.2,0.001,{0.34},True,tabu_search,2,100.0,100.0,0.0,0.0,0,0.0,29,29,29,0.21396169999206904
29,8,0.2,0.001,{0.34},True,tabu_search,3,100.0,100.0,0.0,0.0,0,0.0,29,29,29,0.21834790000866633
29,8,0.2,0.001,{0.34},True,tabu_search,4,100.0,100.0,0.0,0.0,0,0.0,29,29,29,0.2079026999999769
29,8,0.4,0.001,{0.34},False,tabu_search,0,100.0,100.0,0.0,0.0,0,0.0,29,29,29,0.25215480000770185
29,8,0.4,0.001,{0.34},False,tabu_search,1,100.0,100.0,0.0,0.0,0,0.0,29,29,29,0.23994320000929292
29,8,0.4,0.001,{0.34},False,tabu_search,2,100.0,100.0,0.0,0.0,0,0.0,29,29,29,0.22020290000364184
29,8,0.4,0.001,{0.34},False,tabu_search,3,100.0,100.0,0.0,0.0,0,0.0,29,29,29,0.2152802999917185
29,8,0.4,0.001,{0.34},False,tabu_search,4,100.0,100.0,0.0,0.0,0,0.0,29,29,29,0.21857830000226386
29,8,0.4,0.001,{0.34},True,tabu_search,0,100.0,100.0,0.0,0.0,0,0.0,29,29,29,0.26997549999214243
29,8,0.4,0.001,{0.34},True,tabu_search,1,100.0,100.0,0.0,0.0,0,0.0,29,29,29,0.241501700002118
29,8,0.4,0.001,{0.34},True,tabu_search,2,100.0,100.0,0.0,0.0,0,0.0,29,29,29,0.2172188999975333
29,8,0.4,0.001,{0.34},True,tabu_search,3,100.0,100.0,0.0,0.0,0,0.0,29,29,29,0.2210826999944402
29,8,0.4,0.001,{0.34},True,tabu_search,4,100.0,100.0,0.0,0.0,0,0.0,29,29,29,0.2361698000022443
29,8,0.8,0.001,{0.34},False,tabu_search,0,100.0,100.0,0.0,0.0,0,0.0,29,29,29,0.26979420000861865
29,8,0.8,0.001,{0.34},False,tabu_search,1,100.0,100.0,0.0,0.0,0,0.0,29,29,29,0.21343849999539088
29,8,0.8,0.001,{0.34},False,tabu_search,2,100.0,100.0,0.0,0.0,0,0.0,29,29,29,0.22818049999477807
29,8,0.8,0.001,{0.34},False,tabu_search,3,100.0,100.0,0.0,0.0,0,0.0,29,29,29,0.22194319999834988
29,8,0.8,0.001,{0.34},False,tabu_search,4,100.0,100.0,0.0,0.0,0,0.0,29,29,29,0.21287439999287017
29,8,0.8,0.001,{0.34},True,tabu_search,0,100.0,100.0,0.0,0.0,0,0.0,29,29,29,0.26203589999931864
29,8,0.8,0.001,{0.34},True,tabu_search,1,100.0,100.0,0.0,0.0,0,0.0,29,29,29,0.20883590000448748
29,8,0.8,0.001,{0.34},True,tabu_search,2,100.0,100.0,0.0,0.0,0,0.0,29,29,29,0.213849299994763
29,8,0.8,0.001,{0.34},True,tabu_search,3,100.0,100.0,0.0,0.0,0,0.0,29,29,29,0.2320878000027733
29,8,0.8,0.001,{0.34},True,tabu_search,4,100.0,100.0,0.0,0.0,0,0.0,29,29,29,0.22727950000262354
29,8,1.0,0.001,{0.34},False,tabu_search,0,100.0,100.0,0.0,0.0,0,0.0,29,29,29,0.27551690000109375
29,8,1.0,0.001,{0.34},False,tabu_search,1,100.0,100.0,0.0,0.0,0,0.0,29,29,29,0.21640920000209007
29,8,1.0,0.001,{0.34},False,tabu_search,2,100.0,100.0,0.0,0.0,0,0.0,29,29,29,0.21250749999308027
29,8,1.0,0.001,{0.34},False,tabu_search,3,100.0,100.0,0.0,0.0,0,0.0,29,29,29,0.21411209998768754
29,8,1.0,0.001,{0.34},False,tabu_search,4,100.0,100.0,0.0,0.0,0,0.0,29,29,29,0.21539990000019316
29,8,1.0,0.001,{0.34},True,tabu_search,0,100.0,100.0,0.0,0.0,0,0.0,29,29,29,0.21320070000365376
29,8,1.0,0.001,{0.34},True,tabu_search,1,100.0,100.0,0.0,0.0,0,0.0,29,29,29,0.2640823999972781
29,8,1.0,0.001,{0.34},True,tabu_search,2,100.0,100.0,0.0,0.0,0,0.0,29,29,29,0.252662999992026
29,8,1.0,0.001,{0.34},True,tabu_search,3,100.0,100.0,0.0,0.0,0,0.0,29,29,29,0.24899900000309572
29,8,1.0,0.001,{0.34},True,tabu_search,4,100.0,100.0,0.0,0.0,0,0.0,29,29,29,0.2631109999929322
